											
Psalms	100	102:14		Psalms	100	101					
Psalms	102:15	103:18		Psalms	102						
Psalms	103:19	104:23		Psalms	103						
Psalms	104:24	105:11		Psalms	104						
Psalms	105:12	105:45		Psalms	105						
											
											
Genesis	1:1	1:23	Joshua	1:1	2:7	Ruth	1:1	1:18	Matthew	1	
Genesis	1:24	2:7	Joshua	2:8	3:6	Ruth	1:19	2:12	Matthew	2:1	2:15
Genesis	2:8	2:25	Joshua	3:7	4:13	Ruth	2:13	3:5	Matthew	2:16	3:17
Genesis	3:1	3:13	Joshua	4:14	5:15	Ruth	3:6	4:4	Matthew	4:1	4:22
Genesis	3:14	4:8	Joshua	6:1	6:25	Ruth	4:5	4:22	Matthew	4:23	5:20
Genesis	4:9	4:24	Joshua	6:26	7:15	1 Chronicles	1:1	1:33	Matthew	5:21	5:37
Genesis	4:25	5:20	Joshua	7:16	8:13	1 Chronicles	1:34	2:8	Matthew	5:38	6:13
Genesis	5:21	6:8	Joshua	8:14	8:35	1 Chronicles	2:9	2:33	Matthew	6:14	6:34
Genesis	6:9	6:22	Joshua	9		1 Chronicles	2:34	3:4	Matthew	7:1	7:23
Genesis	7		Joshua	10:1	10:27	1 Chronicles	3:5	4:4	Matthew	7:24	8:17
Genesis	8:1	8:14	Joshua	10:28	11:5	1 Chronicles	4:5	4:23	Matthew	8:18	9:8
Genesis	8:15	9:7	Joshua	11:6	12:6	1 Chronicles	4:24	5:3	Matthew	9:9	9:31
Genesis	9:8	9:29	Joshua	12:7	13:14	1 Chronicles	5:4	5:22	Matthew	9:32	10:15
Genesis	10:1	10:20	Joshua	13:15	14:5	1 Chronicles	5:23	6:30	Matthew	10:16	10:39
Genesis	10:21	11:9	Joshua	14:6	15:12	1 Chronicles	6:31	6:53	Matthew	10:40	11:15
Genesis	11:10	11:32	Joshua	15:13	15:63	1 Chronicles	6:54	6:76	Matthew	11:16	12:8
Genesis	12:1	12:20	Joshua	16	17	1 Chronicles	6:77	7:13	Matthew	12:9	12:32
Genesis	13:1	13:13	Joshua	18:1	18:20	1 Chronicles	7:14	7:40	Matthew	12:33	12:50
Genesis	13:14	14:12	Joshua	18:21	19:23	1 Chronicles	8:1	8:32	Matthew	13:1	13:23
Genesis	14:13	14:24	Joshua	19:24	20:6	1 Chronicles	8:33	9:9	Matthew	13:24	13:43
Genesis	15:1	15:21	Joshua	20:7	21:33	1 Chronicles	9:10	9:27	Matthew	13:44	14:7
Genesis	16:1	16:16	Joshua	21:34	22:14	1 Chronicles	9:28	10:7	Matthew	14:8	14:33
Genesis	17:1	17:14	Joshua	22:15	22:34	1 Chronicles	10:8	11:9	Matthew	14:34	15:20
Genesis	17:15	18:8	Joshua	23:1	24:8	1 Chronicles	11:10	11:25	Matthew	15:21	16:4
Genesis	18:9	18:25	Joshua	24:9	24:33	1 Chronicles	11:26	12:15	Matthew	16:5	16:23
Genesis	18:26	19:11	Judges	1:1	1:28	1 Chronicles	12:16	12:30	Matthew	16:24	17:21
Genesis	19:12	19:26	Judges	1:29	2:17	1 Chronicles	12:31	13:8	Matthew	17:22	18:11
Genesis	19:27	19:38	Judges	2:18	3:19	1 Chronicles	13:9	14:12	Matthew	18:12	18:35
Genesis	20		Judges	3:20	4:13	1 Chronicles	14:13	15:15	Matthew	19:1	19:22
Genesis	21:1	21:16	Judges	4:14	5:17	1 Chronicles	15:16	16:3	Matthew	19:23	20:16
Genesis	21:17	21:34	Judges	5:18	6:11	1 Chronicles	16:4	16:29	Matthew	20:17	20:34
Genesis	22:1	22:19	Judges	6:12	6:37	1 Chronicles	16:30	17:6	Matthew	21:1	21:17
Genesis	22:20	23:11	Judges	6:38	7:18	1 Chronicles	17:7	17:23	Matthew	21:18	21:32
Genesis	23:12	24:9	Judges	7:19	8:17	1 Chronicles	17:24	18:13	Matthew	21:33	22:14
Genesis	24:10	24:21	Judges	8:18	9:6	1 Chronicles	18:14	19:15	Matthew	22:15	22:40
Genesis	24:22	24:41	Judges	9:7	9:33	1 Chronicles	19:16	20:8	Matthew	22:41	23:22
Genesis	24:42	24:60	Judges	9:34	10:5	1 Chronicles	21:1	21:17	Matthew	23:23	23:39
Genesis	24:61	25:10	Judges	10:6	11:11	1 Chronicles	21:18	22:5	Matthew	24:1	24:28
Genesis	25:11	25:28	Judges	11:12	11:33	1 Chronicles	22:6	22:19	Matthew	24:29	24:51
Genesis	25:29	26:11	Judges	11:34	13:5	1 Chronicles	23:1	23:23	Matthew	25:1	25:23
Genesis	26:12	26:25	Judges	13:6	14:4	1 Chronicles	23:24	24:6	Matthew	25:24	25:46
Genesis	26:26	27:10	Judges	14:5	15:8	1 Chronicles	24:7	24:31	Matthew	26:1	26:25
Genesis	27:11	27:29	Judges	15:9	16:12	1 Chronicles	25		Matthew	26:26	26:43
Genesis	27:30	27:45	Judges	16:13	16:31	1 Chronicles	26:1	26:19	Matthew	26:44	26:75
Genesis	27:46	28:9	Judges	17:1	18:10	1 Chronicles	26:20	27:4	Matthew	27:1	27:18
Genesis	28:10	29:3	Judges	18:11	19:4	1 Chronicles	27:5	27:24	Matthew	27:19	27:44
Genesis	29:4	29:20	Judges	19:5	19:28	1 Chronicles	27:25	28:5	Matthew	27:45	27:66
Genesis	29:21	29:35	Judges	19:29	20:25	1 Chronicles	28:6	28:19	Matthew	28:1	28:20
Genesis	30:1	30:24	Judges	20:26	20:48	1 Chronicles	28:20	29:13	Mark	1:1	1:22
Genesis	30:25	30:43	Judges	21		1 Chronicles	29:14	29:30	Mark	1:23	1:45
Genesis	31:1	31:16	1 Samuel	1		2 Chronicles	1		Mark	2:1	2:20
Genesis	31:17	31:35	1 Samuel	2:1	2:26	2 Chronicles	2:1	2:12	Mark	2:21	3:12
Genesis	31:36	31:55	1 Samuel	2:27	3:21	2 Chronicles	2:12	3:10	Mark	3:13	3:35
Genesis	32:1	32:12	1 Samuel	4:1	4:22	2 Chronicles	3:11	4:10	Mark	4:1	4:25
Genesis	32:13	32:32	1 Samuel	5:1	6:9	2 Chronicles	4:11	5:10	Mark	4:26	5:5
Genesis	33:1	33:17	1 Samuel	6:10	7:12	2 Chronicles	5:11	6:11	Mark	5:6	5:30
Genesis	33:18	34:17	1 Samuel	7:13	9:2	2 Chronicles	6:12	6:27	Mark	5:31	6:6
Genesis	34:18	34:31	1 Samuel	9:3	9:27	2 Chronicles	6:28	6:42	Mark	6:7	6:29
Genesis	35:1	35:15	1 Samuel	10:1	10:24	2 Chronicles	7:1	7:11	Mark	6:30	6:56
Genesis	35:16	36:8	1 Samuel	10:25	12:5	2 Chronicles	7:12	8:10	Mark	7:1	7:16
Genesis	36:9	36:19	1 Samuel	12:6	13:4	2 Chronicles	8:11	9:6	Mark	7:17	7:37
Genesis	36:20	36:43	1 Samuel	13:5	14:3	2 Chronicles	9:7	9:24	Mark	8:1	8:26
Genesis	37:1	37:17	1 Samuel	14:4	14:30	2 Chronicles	9:25	10:11	Mark	8:27	9:8
Genesis	37:18	37:36	1 Samuel	14:31	14:52	2 Chronicles	10:12	11:12	Mark	9:9	9:29
Genesis	38:1	38:14	1 Samuel	15:1	15:31	2 Chronicles	11:13	12:4	Mark	9:30	9:50
Genesis	38:15	38:30	1 Samuel	15:32	16:23	2 Chronicles	12:5	13:3	Mark	10:1	10:27
Genesis	39:1	39:12	1 Samuel	17:1	17:30	2 Chronicles	13:4	13:22	Mark	10:28	10:45
Genesis	39:13	40:8	1 Samuel	17:31	17:54	2 Chronicles	14		Mark	10:46	11:14
Genesis	40:9	40:23	1 Samuel	17:55	18:27	2 Chronicles	15		Mark	11:15	11:33
Genesis	41:1	41:16	1 Samuel	18:28	19:17	2 Chronicles	16		Mark	12:1	12:27
Genesis	41:17	41:36	1 Samuel	19:18	20:23	2 Chronicles	17		Mark	12:28	12:44
Genesis	41:37	41:57	1 Samuel	20:24	21:6	2 Chronicles	18:1	18:17	Mark	13:1	13:23
Genesis	42:1	42:17	1 Samuel	21:7	22:12	2 Chronicles	18:18	18:34	Mark	13:24	14:9
Genesis	42:18	42:34	1 Samuel	22:13	23:14	2 Chronicles	19:1	20:4	Mark	14:10	14:31
Genesis	42:35	43:10	1 Samuel	23:15	24:7	2 Chronicles	20:5	20:19	Mark	14:32	14:52
Genesis	43:11	43:25	1 Samuel	24:8	25:13	2 Chronicles	20:20	20:37	Mark	14:53	14:72
Genesis	43:26	44:5	1 Samuel	25:14	25:38	2 Chronicles	21:1	21:17	Mark	15:1	15:21
Genesis	44:6	44:26	1 Samuel	25:39	26:20	2 Chronicles	21:18	22:12	Mark	15:22	15:47
Genesis	44:27	45:7	1 Samuel	26:21	28:6	2 Chronicles	23:1	23:11	Mark	16:1	16:20
Genesis	45:8	45:28	1 Samuel	28:7	28:25	2 Chronicles	23:12	24:7	Luke	1:1	1:20
Genesis	46:1	46:15	1 Samuel	29:1	30:15	2 Chronicles	24:8	24:22	Luke	1:21	1:45
Genesis	46:16	46:34	1 Samuel	30:16	31:13	2 Chronicles	24:23	25:10	Luke	1:46	1:66
Genesis	47:1	47:17	2 Samuel	1		2 Chronicles	25:11	25:24	Luke	1:67	2:14
Genesis	47:18	47:31	2 Samuel	2:1	2:28	2 Chronicles	25:25	26:10	Luke	2:15	2:38
Genesis	48:1	48:14	2 Samuel	2:29	3:21	2 Chronicles	26:11	26:23	Luke	2:39	3:9
Genesis	48:15	49:7	2 Samuel	3:22	4:8	2 Chronicles	27:1	28:8	Luke	3:10	3:22
Genesis	49:8	49:26	2 Samuel	4:9	5:21	2 Chronicles	28:9	28:27	Luke	3:23	4:8
Genesis	49:27	50:11	2 Samuel	5:22	6:23	2 Chronicles	29:1	29:17	Luke	4:9	4:32
Genesis	50:12	50:26	2 Samuel	7:1	7:24	2 Chronicles	29:18	29:30	Luke	4:33	5:7
Exodus	1:1	1:22	2 Samuel	7:25	8:18	2 Chronicles	29:31	30:9	Luke	5:8	5:26
Exodus	2:1	2:12	2 Samuel	9:1	10:14	2 Chronicles	30:10	30:27	Luke	5:27	6:5
Exodus	2:13	2:25	2 Samuel	10:15	11:17	2 Chronicles	31:1	31:10	Luke	6:6	6:32
Exodus	3:1	3:17	2 Samuel	11:18	12:18	2 Chronicles	31:11	32:5	Luke	6:33	6:49
Exodus	3:18	4:9	2 Samuel	12:19	13:14	2 Chronicles	32:6	32:21	Luke	7:1	7:23
Exodus	4:10	4:23	2 Samuel	13:15	14:3	2 Chronicles	32:22	33:3	Luke	7:24	7:43
Exodus	4:24	5:9	2 Samuel	14:4	14:24	2 Chronicles	33:4	33:17	Luke	7:44	8:15
Exodus	5:10	5:23	2 Samuel	14:25	15:18	2 Chronicles	33:18	34:11	Luke	8:16	8:36
Exodus	6:1	6:19	2 Samuel	15:19	16:4	2 Chronicles	34:12	34:25	Luke	8:37	8:56
Exodus	6:20	7:7	2 Samuel	16:5	17:7	2 Chronicles	34:26	35:6	Luke	9:1	9:17
Exodus	7:8	7:24	2 Samuel	17:8	17:29	2 Chronicles	35:7	35:19	Luke	9:18	9:36
Exodus	7:25	8:15	2 Samuel	18:1	18:23	2 Chronicles	35:20	36:9	Luke	9:37	9:62
Exodus	8:16	8:24	2 Samuel	18:24	19:15	2 Chronicles	36:10	36:23	Luke	10:1	10:20
Exodus	8:25	9:7	2 Samuel	19:16	19:39	Ezra	1:1	2:6	Luke	10:21	10:42
Exodus	9:8	9:21	2 Samuel	19:40	20:19	Ezra	2:7	2:42	Luke	11:1	11:23
Exodus	9:22	9:35	2 Samuel	20:20	21:14	Ezra	2:43	2:67	Luke	11:24	11:42
Exodus	10:1	10:15	2 Samuel	21:15	22:28	Ezra	2:68	3:9	Luke	11:43	12:10
Exodus	10:16	11:3	2 Samuel	22:29	23:10	Ezra	3:10	4:7	Luke	12:11	12:34
Exodus	11:4	12:10	2 Samuel	23:11	24:4	Ezra	4:8	4:24	Luke	12:35	12:53
Exodus	12:11	12:20	2 Samuel	24:5	24:25	Ezra	5:1	5:13	Luke	12:54	13:17
Exodus	12:21	12:36	1 Kings	1:1	1:27	Ezra	5:14	6:12	Luke	13:18	13:35
Exodus	12:37	12:51	1 Kings	1:28	1:53	Ezra	6:13	7:6	Luke	14:1	14:24
Exodus	13:1	13:16	1 Kings	2:1	2:25	Ezra	7:7	7:20	Luke	14:25	15:7
Exodus	13:17	14:9	1 Kings	2:26	2:46	Ezra	7:21	8:14	Luke	15:8	15:32
Exodus	14:10	14:22	1 Kings	3		Ezra	8:15	8:30	Luke	16:1	16:18
Exodus	14:23	15:7	1 Kings	4		Ezra	8:31	9:4	Luke	16:19	17:10
Exodus	15:8	15:21	1 Kings	5:1	6:4	Ezra	9:5	9:15	Luke	17:11	17:37
Exodus	15:22	16:8	1 Kings	6:5	6:30	Ezra	10:1	10:15	Luke	18:1	18:23
Exodus	16:9	16:21	1 Kings	6:31	7:22	Ezra	10:15	10:44	Luke	18:24	18:43
Exodus	16:22	17:7	1 Kings	7:23	7:51	Nehemiah	1:1	2:6	Luke	19:1	19:27
Exodus	17:8	18:6	1 Kings	8:1	8:26	Nehemiah	2:7	2:20	Luke	19:28	19:48
Exodus	18:7	18:16	1 Kings	8:27	8:45	Nehemiah	3:1	3:14	Luke	20:1	20:26
Exodus	18:17	19:6	1 Kings	8:46	8:66	Nehemiah	3:15	3:32	Luke	20:27	21:4
Exodus	19:7	19:25	1 Kings	9		Nehemiah	4:1	4:17	Luke	21:5	21:24
Exodus	20:1	20:17	1 Kings	10		Nehemiah	4:18	5:11	Luke	21:25	22:6
Exodus	20:18	21:6	1 Kings	11:1	11:25	Nehemiah	5:12	6:9	Luke	22:7	22:34
Exodus	21:7	21:27	1 Kings	11:26	12:5	Nehemiah	6:10	7:4	Luke	22:35	22:62
Exodus	21:28	22:6	1 Kings	12:6	12:31	Nehemiah	7:5	7:38	Luke	22:63	23:12
Exodus	22:7	22:24	1 Kings	12:32	13:19	Nehemiah	7:39	7:62	Luke	23:13	23:38
Exodus	22:25	23:13	1 Kings	13:20	14:10	Nehemiah	7:63	8:3	Luke	23:39	23:56
Exodus	23:14	23:33	1 Kings	14:11	14:31	Nehemiah	8:4	8:18	Luke	24:1	24:27
Exodus	24:1	24:18	1 Kings	15:1	15:30	Nehemiah	9:1	9:15	Luke	24:28	24:53
Exodus	25:1	25:16	1 Kings	15:31	16:24	Nehemiah	9:16	9:28	John	1:1	1:28
Exodus	25:17	25:34	1 Kings	16:25	17:16	Nehemiah	9:29	10:13	John	1:29	1:51
Exodus	25:35	26:6	1 Kings	17:17	18:24	Nehemiah	10:14	10:36	John	2:1	2:25
Exodus	26:7	26:25	1 Kings	18:25	18:46	Nehemiah	10:37	11:14	John	3:1	3:21
Exodus	26:26	27:8	1 Kings	19		Nehemiah	11:15	11:36	John	3:22	4:10
Exodus	27:9	27:21	1 Kings	20:1	20:27	Nehemiah	12:1	12:29	John	4:11	4:30
Exodus	28:1	28:14	1 Kings	20:28	21:4	Nehemiah	12:30	12:47	John	4:31	4:54
Exodus	28:15	28:30	1 Kings	21:5	21:29	Nehemiah	13:1	13:14	John	5:1	5:24
Exodus	28:31	29:3	1 Kings	22:1	22:28	Nehemiah	13:15	13:31	John	5:25	5:47
Exodus	29:4	29:18	1 Kings	22:29	22:53	Esther	1:1	1:15	John	6:1	6:24
Exodus	29:19	29:34	2 Kings	1:1	2:3	Esther	1:16	2:7	John	6:25	6:51
Exodus	29:35	29:46	2 Kings	2:4	3:3	Esther	2:8	2:18	John	6:52	6:71
Exodus	30:1	30:16	2 Kings	3:4	3:27	Esther	2:19	3:9	John	7:1	7:31
Exodus	30:17	30:38	2 Kings	4:1	4:31	Esther	3:10	4:9	John	7:32	7:53
Exodus	31		2 Kings	4:32	5:7	Esther	4:10	5:8	John	8:1	8:24
Exodus	32:1	32:10	2 Kings	5:8	6:7	Esther	5:9	6:3	John	8:25	8:47
Exodus	32:11	32:24	2 Kings	6:8	6:33	Esther	6:4	7:6	John	8:48	9:12
Exodus	32:25	33:6	2 Kings	7		Esther	7:7	8:8	John	9:13	9:34
Exodus	33:7	33:23	2 Kings	8:1	8:24	Esther	8:9	9:4	John	9:35	10:21
Exodus	34:1	34:9	2 Kings	8:25	9:21	Esther	9:5	9:19	John	10:22	11:4
Exodus	34:10	34:28	2 Kings	9:22	10:5	Esther	9:20	10:3	John	11:5	11:31
Exodus	34:29	35:3	2 Kings	10:6	10:31	Job	1		John	11:32	11:54
Exodus	35:4	35:24	2 Kings	10:32	11:16	Job	2		John	11:55	12:19
Exodus	35:25	36:7	2 Kings	11:17	12:21	Job	3		John	12:20	12:43
Exodus	36:8	36:22	2 Kings	13		Job	4	5:7	John	12:44	13:17
Exodus	36:23	36:38	2 Kings	14:1	14:24	Job	5:8	6:7	John	13:18	13:38
Exodus	37:1	37:24	2 Kings	14:25	15:22	Job	6:8	7:6	John	14:1	14:26
Exodus	37:25	38:8	2 Kings	15:23	16:9	Job	7:7	8:14	John	14:27	15:17
Exodus	38:9	38:23	2 Kings	16:10	17:14	Job	8:15	9:24	John	15:18	16:15
Exodus	38:24	39:7	2 Kings	17:15	17:35	Job	9:25	10:17	John	16:16	17:3
Exodus	39:8	39:26	2 Kings	17:36	18:20	Job	10:18	11:20	John	17:4	17:26
Exodus	39:27	39:43	2 Kings	18:21	19:4	Job	12		John	18:1	18:18
Exodus	40:1	40:21	2 Kings	19:5	19:28	Job	13:1	14:6	John	18:19	18:40
Exodus	40:22	40:38	2 Kings	19:29	20:17	Job	14:7	15:11	John	19:1	19:18
Leviticus	1		2 Kings	20:18	21:22	Job	15:12	15:35	John	19:19	19:37
Leviticus	2		2 Kings	21:23	22:20	Job	16:1	17:5	John	19:38	20:18
Leviticus	3		2 Kings	23:1	23:18	Job	17:6	18:21	John	20:19	20:31
Leviticus	4:1	4:12	2 Kings	23:19	24:4	Job	19		John	21	
Leviticus	4:13	4:26	2 Kings	24:5	25:7	Job	20		Acts	1:1	1:20
Leviticus	4:27	4:35	2 Kings	25:8	25:30	Job	21:1	21:26	Acts	1:21	2:13
Leviticus	5:1	5:13	Isaiah	1		Job	21:27	22:30	Acts	2:14	2:36
Leviticus	5:14	6:7	Isaiah	2:1	3:11	Job	23:1	24:8	Acts	2:37	3:11
Leviticus	6:8	6:23	Isaiah	3:12	5:6	Job	24:9	25:6	Acts	3:12	4:10
Leviticus	6:24	7:10	Isaiah	5:7	6:4	Job	26:1	27:12	Acts	4:11	4:31
Leviticus	7:11	7:27	Isaiah	6:5	7:20	Job	27:13	28:19	Acts	4:32	5:11
Leviticus	7:28	8:5	Isaiah	7:21	8:22	Job	28:20	29:25	Acts	5:12	5:32
Leviticus	8:6	8:21	Isaiah	9:1	10:7	Job	30:1	30:23	Acts	5:33	6:7
Leviticus	8:22	8:36	Isaiah	10:8	11:5	Job	30:24	31:23	Acts	6:8	7:16
Leviticus	9:1	9:14	Isaiah	11:6	13:8	Job	31:24	32:10	Acts	7:17	7:34
Leviticus	9:15	10:5	Isaiah	13:9	14:17	Job	32:11	33:13	Acts	7:35	7:53
Leviticus	10:6	10:15	Isaiah	14:18	15:9	Job	33:14	34:9	Acts	7:54	8:17
Leviticus	10:16	11:12	Isaiah	16	17	Job	34:10	34:37	Acts	8:18	8:40
Leviticus	11:13	11:33	Isaiah	18:1	19:17	Job	35:1	36:15	Acts	9:1	9:22
Leviticus	11:34	11:47	Isaiah	19:18	21	Job	36:16	37:13	Acts	9:23	9:43
Leviticus	12:1	13:8	Isaiah	22		Job	37:14	38:15	Acts	10:1	10:20
Leviticus	13:9	13:23	Isaiah	23:1	24:12	Job	38:16	38:41	Acts	10:21	10:38
Leviticus	13:24	13:37	Isaiah	24:13	26:6	Job	39:1	39:30	Acts	10:39	11:14
Leviticus	13:38	13:54	Isaiah	26:7	27:13	Job	40		Acts	11:15	11:30
Leviticus	13:55	14:9	Isaiah	28		Job	41		Acts	12	
Leviticus	14:10	14:22	Isaiah	29		Job	42		Acts	13:1	13:15
Leviticus	14:23	14:38	Isaiah	30:1	30:26	Psalms	1, 2	3	Acts	13:16	13:37
Leviticus	14:39	14:57	Isaiah	30:27	32:8	Psalms	4	5	Acts	13:38	13:52
Leviticus	15:1	15:15	Isaiah	32:9	33:19	Psalms	6	7	Acts	14	
Leviticus	15:16	15:27	Isaiah	33:20	34:17	Psalms	8	9	Acts	15:1	15:21
Leviticus	15:28	16:10	Isaiah	35	36	Psalms	10		Acts	15:22	15:35
Leviticus	16:11	16:22	Isaiah	37:1	37:25	Psalms	11, 12	13	Acts	15:36	16:15
Leviticus	16:23	16:34	Isaiah	37:26	38:14	Psalms	14, 15	16	Acts	16:16	16:40
Leviticus	17		Isaiah	38:15	40:8	Psalms	17	18:15	Acts	17:1	17:21
Leviticus	18:1	18:16	Isaiah	40:9	41:9	Psalms	18:16	18:42	Acts	17:22	18:3
Leviticus	18:17	18:30	Isaiah	41:10	42:9	Psalms	18:43	19	Acts	18:4	18:23
Leviticus	19:1	19:18	Isaiah	42:10	43:13	Psalms	20	21	Acts	18:24	19:12
Leviticus	19:19	19:37	Isaiah	43:14	44:11	Psalms	22		Acts	19:13	19:34
Leviticus	20:1	20:16	Isaiah	44:12	45:10	Psalms	23	24	Acts	19:35	20:12
Leviticus	20:17	20:27	Isaiah	45:11	46:11	Psalms	25	26	Acts	20:13	20:32
Leviticus	21:1	21:15	Isaiah	46:12	48:8	Psalms	27	28	Acts	20:33	21:14
Leviticus	21:16	22:9	Isaiah	48:9	49:12	Psalms	29	30	Acts	21:15	21:32
Leviticus	22:10	22:25	Isaiah	49:13	50:9	Psalms	31		Acts	21:33	22:16
Leviticus	22:26	23:14	Isaiah	50:10	51:23	Psalms	32	33	Acts	22:17	23:5
Leviticus	23:15	23:25	Isaiah	52	53	Psalms	34		Acts	23:6	23:21
Leviticus	23:26	23:44	Isaiah	54	55:5	Psalms	35		Acts	23:22	24:4
Leviticus	24:1	24:16	Isaiah	55:6	57:6	Psalms	36		Acts	24:5	24:26
Leviticus	24:17	25:7	Isaiah	57:7	58:12	Psalms	37		Acts	24:27	25:12
Leviticus	25:8	25:28	Isaiah	58:13	59:21	Psalms	38		Acts	25:13	26:8
Leviticus	25:29	25:43	Isaiah	60	61:3	Psalms	39	40	Acts	26:9	26:32
Leviticus	25:44	25:55	Isaiah	61:4	63:6	Psalms	41		Acts	27:1	27:20
Leviticus	26:1	26:17	Isaiah	63:7	64:12	Psalms	42	43	Acts	27:21	27:38
Leviticus	26:18	26:34	Isaiah	65		Psalms	44		Acts	27:39	28:10
Leviticus	26:35	26:46	Isaiah	66		Psalms	45	46	Acts	28:11	28:31
Leviticus	27:1	27:21	Jeremiah	1:1	2:8	Psalms	47	48	Romans	1:1	1:25
Leviticus	27:22	27:34	Jeremiah	2:9	2:37	Psalms	49	50:6	Romans	1:26	2:16
Numbers	1:1	1:19	Jeremiah	3:1	3:21	Psalms	50:7	51	Romans	2:17	3:8
Numbers	1:20	1:33	Jeremiah	3:22	4:26	Psalms	52	53	Romans	3:9	4:5
Numbers	1:34	1:46	Jeremiah	4:27	5:18	Psalms	54	55:14	Romans	4:6	4:25
Numbers	1:47	2:9	Jeremiah	5:19	6:17	Psalms	55:15	56	Romans	5	
Numbers	2:10	2:24	Jeremiah	6:18	7:16	Psalms	57	58	Romans	6	
Numbers	2:25	3:10	Jeremiah	7:17	8:7	Psalms	59	60	Romans	7	
Numbers	3:11	3:26	Jeremiah	8:8	9:11	Psalms	61	62	Romans	8:1	8:25
Numbers	3:27	3:39	Jeremiah	9:12	10:11	Psalms	63	64	Romans	8:26	9:5
Numbers	3:40	4:3	Jeremiah	10:12	11:13	Psalms	65	66	Romans	9:6	9:28
Numbers	4:4	4:16	Jeremiah	11:14	12:13	Psalms	67	68:16	Romans	9:29	10:15
Numbers	4:17	4:33	Jeremiah	12:14	13:23	Psalms	68:17	68:35	Romans	10:16	11:15
Numbers	4:34	4:49	Jeremiah	13:24	14:22	Psalms	69		Romans	11:16	12:3
Numbers	5:1	5:15	Jeremiah	15		Psalms	70	71	Romans	12:4	13:7
Numbers	5:16	5:31	Jeremiah	16:1	17:4	Psalms	72		Romans	13:8	14:12
Numbers	6:1	6:12	Jeremiah	17:5	18:8	Psalms	73		Romans	14:13	15:13
Numbers	6:13	6:27	Jeremiah	18:9	19:9	Psalms	74		Romans	15:14	15:33
Numbers	7:1	7:17	Jeremiah	19:10	20:18	Psalms	75		Romans	16	
Numbers	7:18	7:35	Jeremiah	21:1	22:7	Psalms	76	77	1 Corinthians	1:1	1:25
Numbers	7:36	7:59	Jeremiah	22:8	23:4	Psalms	78:1	78:25	1 Corinthians	1:26	2:16
Numbers	7:60	7:77	Jeremiah	23:5	23:32	Psalms	78:26	78:55	1 Corinthians	3	
Numbers	7:78	8:4	Jeremiah	23:33	25:7	Psalms	78:56	79	1 Corinthians	4	
Numbers	8:5	8:19	Jeremiah	25:8	25:31	Psalms	80		1 Corinthians	5:1	6:11
Numbers	8:20	9:8	Jeremiah	25:32	26:18	Psalms	81	82	1 Corinthians	6:12	7:11
Numbers	9:9	9:23	Jeremiah	26:19	27:15	Psalms	83	84	1 Corinthians	7:12	7:35
Numbers	10:1	10:10	Jeremiah	27:16	28:17	Psalms	85	86	1 Corinthians	7:36	8:13
Numbers	10:11	10:28	Jeremiah	29:1	29:23	Psalms	87	88	1 Corinthians	9:1	9:22
Numbers	10:29	11:9	Jeremiah	29:24	30:17	Psalms	89:1	89:26	1 Corinthians	9:23	10:13
Numbers	11:10	11:23	Jeremiah	30:18	31:20	Psalms	89:27	89:52	1 Corinthians	10:14	11:6
Numbers	11:24	12:3	Jeremiah	31:21	32:5	Psalms	90	91:8	1 Corinthians	11:7	11:34
Numbers	12:4	12:16	Jeremiah	32:6	32:30	Psalms	91:9	92	1 Corinthians	12:1	12:26
Numbers	13:1	13:24	Jeremiah	32:31	33:9	Psalms	93	94	1 Corinthians	12:27	13:13
Numbers	13:25	14:4	Jeremiah	33:10	34:7	Psalms	95, 96	97	1 Corinthians	14:1	14:19
Numbers	14:5	14:25	Jeremiah	34:8	35:7	Psalms	98	99	1 Corinthians	14:20	14:40
Numbers	14:26	14:39	Jeremiah	35:8	36:8	Psalms	100	102:14	1 Corinthians	15:1	15:34
Numbers	14:40	15:12	Jeremiah	36:9	36:32	Psalms	102:15	103:18	1 Corinthians	15:35	15:58
Numbers	15:13	15:29	Jeremiah	37		Psalms	103:19	104:23	1 Corinthians	16:1	16:24
Numbers	15:30	16:3	Jeremiah	38		Psalms	104:24	105:11	2 Corinthians	1:1	1:22
Numbers	16:4	16:17	Jeremiah	39		Psalms	105:12	105:45	2 Corinthians	1:23	2:17
Numbers	16:18	16:35	Jeremiah	40:1	41:3	Psalms	106:1	106:27	2 Corinthians	3:1	4:6
Numbers	16:36	16:50	Jeremiah	41:4	42:6	Psalms	106:28	106:48	2 Corinthians	4:7	5:10
Numbers	17		Jeremiah	42:7	43:13	Psalms	107		2 Corinthians	5:11	6:13
Numbers	18:1	18:13	Jeremiah	44:1	44:19	Psalms	108		2 Corinthians	6:14	7:11
Numbers	18:14	18:24	Jeremiah	44:20	45	Psalms	109		2 Corinthians	7:12	8:15
Numbers	18:25	19:10	Jeremiah	46		Psalms	110, 111	112	2 Corinthians	8:16	9:15
Numbers	19:11	19:22	Jeremiah	47:1	48:25	Psalms	113, 114	115	2 Corinthians	10	
Numbers	20:1	20:13	Jeremiah	48:26	49:6	Psalms	116	117	2 Corinthians	11:1	11:29
Numbers	20:14	20:29	Jeremiah	49:7	49:27	Psalms	118		2 Corinthians	11:30	12:15
Numbers	21:1	21:16	Jeremiah	49:28	50:16	Psalms	119:1	119:40	2 Corinthians	12:16	13:14
Numbers	21:17	21:32	Jeremiah	50:17	50:43	Psalms	119:41	119:64	Galatians	1	
Numbers	21:33	22:12	Jeremiah	50:44	51:23	Psalms	119:65	119:96	Galatians	2	
Numbers	22:13	22:27	Jeremiah	51:24	51:48	Psalms	119:97	119:128	Galatians	3	
Numbers	22:28	22:41	Jeremiah	51:49	52:11	Psalms	119:129	119:160	Galatians	4	
Numbers	23:1	23:20	Jeremiah	52:12	52:34	Psalms	119:161	120	Galatians	5	
Numbers	23:21	24:6	Ezekiel	1		Psalms	121, 122	123, 124	Galatians	6	
Numbers	24:7	24:25	Ezekiel	2:1	3:19	Psalms	125, 126	127, 128	Ephesians	1	
Numbers	25		Ezekiel	3:20	4	Psalms	129, 130	131	Ephesians	2	
Numbers	26:1	26:11	Ezekiel	5		Psalms	132, 133	134	Ephesians	3	
Numbers	26:12	26:27	Ezekiel	6:1	7:14	Psalms	135	136	Ephesians	4:1	4:24
Numbers	26:28	26:47	Ezekiel	7:15	8:13	Psalms	137	138	Ephesians	4:25	5:21
Numbers	26:48	26:62	Ezekiel	8:14	10:5	Psalms	139		Ephesians	5:22	6
Numbers	26:63	27:11	Ezekiel	10:6	11:12	Psalms	140, 141	142	Philippians	1	
Numbers	27:12	28:8	Ezekiel	11:13	12:7	Psalms	143	144	Philippians	2	
Numbers	28:9	28:25	Ezekiel	12:8	13:9	Psalms	145		Philippians	3	
Numbers	28:26	29:6	Ezekiel	13:10	14:11	Psalms	146	147	Philippians	4	
Numbers	29:7	29:25	Ezekiel	14:12	16:7	Psalms	148, 149	150	Colossians	1	
Numbers	29:26	29:40	Ezekiel	16:8	16:34	Proverbs	1		Colossians	2	
Numbers	30		Ezekiel	16:35	16:58	Proverbs	2		Colossians	3	
Numbers	31:1	31:20	Ezekiel	16:59	17:21	Proverbs	3		Colossians	4	
Numbers	31:21	31:31	Ezekiel	17:22	18:23	Proverbs	4		1 Thesssalonians	1:1	2:12
Numbers	31:32	31:54	Ezekiel	18:24	20:7	Proverbs	5:1	6:5	1 Thesssalonians	2:13	3:10
Numbers	32:1	32:15	Ezekiel	20:8	20:29	Proverbs	6:6	6:35	1 Thesssalonians	3:11	4:18
Numbers	32:16	32:32	Ezekiel	20:30	21:7	Proverbs	7		1 Thesssalonians	5	
Numbers	32:33	33:5	Ezekiel	21:8	21:32	Proverbs	8		2 Thesssalonians	1:1	2:12
Numbers	33:6	33:30	Ezekiel	22		Proverbs	9:1	10:5	2 Thesssalonians	2:13	3
Numbers	33:31	33:56	Ezekiel	23:1	23:27	Proverbs	10:6	10:32	1 Timothy	1	
Numbers	34:1	34:12	Ezekiel	23:28	24:5	Proverbs	11		1 Timothy	2:1	3:13
Numbers	34:13	34:29	Ezekiel	24:6	25:7	Proverbs	12:1	12:21	1 Timothy	3:14	4
Numbers	35:1	35:19	Ezekiel	25:8	26:14	Proverbs	12:22	13:22	1 Timothy	5	
Numbers	35:20	35:34	Ezekiel	26:15	27:17	Proverbs	13:23	14:24	1 Timothy	6	
Numbers	36		Ezekiel	27:18	28:10	Proverbs	14:25	15:14	2 Timothy	1	
Deuteronomy	1:1	1:18	Ezekiel	28:11	29:7	Proverbs	15:15	16:9	2 Timothy	2	
Deuteronomy	1:19	1:33	Ezekiel	29:8	30:12	Proverbs	16:10	17:5	2 Timothy	3	
Deuteronomy	1:34	2:5	Ezekiel	30:13	31:14	Proverbs	17:6	18:5	2 Timothy	4	
Deuteronomy	2:6	2:15	Ezekiel	31:15	32:16	Proverbs	18:6	19:8	Titus	1:1	2:8
Deuteronomy	2:16	2:37	Ezekiel	32:17	33:9	Proverbs	19:9	20:6	Titus	2:9	3:15
Deuteronomy	3:1	3:14	Ezekiel	33:10	33:33	Proverbs	20:7	21:3	Philemon	0:1	0:25
Deuteronomy	3:15	3:29	Ezekiel	34		Proverbs	21:4	21:31	Hebrews	1:1	2:8
Deuteronomy	4:1	4:14	Ezekiel	35:1	36:5	Proverbs	22		Hebrews	2:9	3:11
Deuteronomy	4:15	4:27	Ezekiel	36:6	36:38	Proverbs	23:1	23:28	Hebrews	3:12	4:16
Deuteronomy	4:28	4:40	Ezekiel	37:1	37:22	Proverbs	23:29	24:22	Hebrews	5:1	6:8
Deuteronomy	4:41	5:10	Ezekiel	37:23	38:16	Proverbs	24:23	25:14	Hebrews	6:9	7:7
Deuteronomy	5:11	5:27	Ezekiel	38:17	39:22	Proverbs	25:15	26:12	Hebrews	7:8	7:28
Deuteronomy	5:28	6:9	Ezekiel	39:23	40:19	Proverbs	26:13	27:13	Hebrews	8:1	9:10
Deuteronomy	6:10	6:25	Ezekiel	40:20	40:43	Proverbs	27:14	28:11	Hebrews	9:11	9:28
Deuteronomy	7:1	7:11	Ezekiel	40:44	41:19	Proverbs	28:12	29:10	Hebrews	10:1	10:25
Deuteronomy	7:12	7:26	Ezekiel	41:20	42:20	Proverbs	29:11	30:9	Hebrews	10:26	11:7
Deuteronomy	8		Ezekiel	43:1	43:21	Proverbs	30:10	30:33	Hebrews	11:8	11:27
Deuteronomy	9:1	9:10	Ezekiel	43:22	44:16	Proverbs	31		Hebrews	11:28	12:10
Deuteronomy	9:11	9:24	Ezekiel	44:17	45:12	Ecclesiastes	1:1	2:11	Hebrews	12:11	12:29
Deuteronomy	9:25	10:9	Ezekiel	45:13	46:10	Ecclesiastes	2:12	2:26	Hebrews	13	
Deuteronomy	10:10	10:22	Ezekiel	46:11	47:5	Ecclesiastes	3		James	1	
Deuteronomy	11:1	11:17	Ezekiel	47:6	48:7	Ecclesiastes	4		James	2	
Deuteronomy	11:18	11:32	Ezekiel	48:8	48:35	Ecclesiastes	5		James	3	
Deuteronomy	12:1	12:16	Hosea	1:1	2:13	Ecclesiastes	6:1	7:7	James	4	
Deuteronomy	12:17	12:28	Hosea	2:14	4:11	Ecclesiastes	7:8	8:1	James	5	
Deuteronomy	12:29	13:11	Hosea	4:12	6:6	Ecclesiastes	8:2	9:3	1 Peter	1:1	1:21
Deuteronomy	13:12	14:8	Hosea	6:7	8:10	Ecclesiastes	9:4	10:1	1 Peter	1:22	2:17
Deuteronomy	14:9	14:27	Hosea	8:11	10:8	Ecclesiastes	10:2	11:6	1 Peter	2:18	3:12
Deuteronomy	14:28	15:11	Hosea	10:9	12:8	Ecclesiastes	11:7	12:14	1 Peter	3:13	4:11
Deuteronomy	15:12	15:23	Hosea	12:9	14:9	Song of Songs	1:1	2:7	1 Peter	4:12	5:14
Deuteronomy	16:1	16:15	Joel	1		Song of Songs	2:8	3	2 Peter	1:1	2:8
Deuteronomy	16:16	17:7	Joel	2:1	2:27	Song of Songs	4:1	5:8	2 Peter	2:9	2:22
Deuteronomy	17:8	17:20	Joel	2:28	3:21	Song of Songs	5:9	6:13	2 Peter	3	
Deuteronomy	18:1	18:14	Amos	1:1	2:5	Song of Songs	7	8	1 John	1:1	2:11
Deuteronomy	18:15	19:6	Amos	2:6	3:15	Lamentations	1:1	1:14	1 John	2:12	2:29
Deuteronomy	19:7	19:21	Amos	4:1	5:13	Lamentations	1:15	2:6	1 John	3	
Deuteronomy	20:1	20:14	Amos	5:14	6:11	Lamentations	2:7	2:19	1 John	4	
Deuteronomy	20:15	21:9	Amos	6:12	8:3	Lamentations	2:20	3:30	1 John	5	
Deuteronomy	21:10	21:23	Amos	8:4	9:15	Lamentations	3:31	3:66	2 & 3 John	0	0
Deuteronomy	22:1	22:17	Obadiah	1	21	Lamentations	4:1	4:17	Jude	0:1	0:13
Deuteronomy	22:18	22:30	Jonah	1	2	Lamentations	4:18	5:22	Jude	0:14	0:25
Deuteronomy	23:1	23:18	Jonah	3	4	Daniel	1	1:16	Revelation	1	
Deuteronomy	23:19	24:6	Micah	1:1	2:11	Daniel	1:17	2:13	Revelation	2:1	2:17
Deuteronomy	24:7	24:22	Micah	2:12	4:10	Daniel	2:14	2:28	Revelation	2:18	3:6
Deuteronomy	25:1	25:16	Micah	4:11	6:8	Daniel	2:29	2:45	Revelation	3:7	4:3
Deuteronomy	25:17	26:11	Micah	6:9	7:20	Daniel	2:46	3:12	Revelation	4:4	5:10
Deuteronomy	26:12	27:8	Nahum	1:1	2:12	Daniel	3:13	3:27	Revelation	5:11	6:11
Deuteronomy	27:9	27:26	Nahum	2:13	3:19	Daniel	3:28	4:12	Revelation	6:12	7:10
Deuteronomy	28:1	28:14	Habakkuk	1:1	2:11	Daniel	4:13	4:23	Revelation	7:11	8:11
Deuteronomy	28:15	28:29	Habakkuk	2:12	3:19	Daniel	4:24	4:37	Revelation	8:12	9:16
Deuteronomy	28:30	28:44	Zephaniah	1:1	2:7	Daniel	5:1	5:16	Revelation	9:17	10:11
Deuteronomy	28:45	28:57	Zephaniah	2:8	3:20	Daniel	5:17	5:31	Revelation	11	
Deuteronomy	28:58	29:1	Haggai	1:1	2:9	Daniel	6:1	6:17	Revelation	12	
Deuteronomy	29:2	29:18	Haggai	2:10	2:23	Daniel	6:18	6:28	Revelation	13	
Deuteronomy	29:19	29:29	Zechariah	1:1	2:9	Daniel	7:1	7:14	Revelation	14:1	14:16
Deuteronomy	30		Zechariah	2:10	4:14	Daniel	7:15	8:4	Revelation	14:17	16:6
Deuteronomy	31:1	31:13	Zechariah	5	6	Daniel	8:5	8:22	Revelation	16:7	16:21
Deuteronomy	31:14	31:23	Zechariah	7:1	8:13	Daniel	8:23	9:11	Revelation	17	
Deuteronomy	31:24	32:9	Zechariah	8:14	9:17	Daniel	9:12	9:25	Revelation	18:1	18:16
Deuteronomy	32:10	32:25	Zechariah	10:1	11:13	Daniel	9:26	10:14	Revelation	18:17	19:10
Deuteronomy	32:26	32:44	Zechariah	11:14	13:9	Daniel	10:15	11:8	Revelation	19:11	20:6
Deuteronomy	32:45	33:7	Zechariah	14		Daniel	11:9	11:24	Revelation	20:7	21:8
Deuteronomy	33:8	33:23	Malachi	1:1	2:12	Daniel	11:25	11:39	Revelation	21:9	21:27
Deuteronomy	33:24	34:12	Malachi	2:13	4:6	Daniel	11:40	12:13	Revelation	22	