,,,,,,,,,,,,,,,,,,,,,,,,,,Days in year,,,,,Genesis,Torah,,,,Job,,,Ktuviim
,Torah,target,result,,,,,Nevi'im,,,,,,,,K'tuvim,,,,,,,New Covenant,,,365,,,,,Exodus,Torah,,,,Genesis,Torah,,
Total Pages,,871.0,866.8,,,,218.0,,,,,,,392.0,,,,,256.7,,,256.8,,,,,,,261.0,,Leviticus,Torah,,,,Exodus,Torah,,
per day,,,,,,,0.60,,,,,,,1.07,,,,,,,,0.70,,,,,,,0.72,,Numbers,Torah,,,,Leviticus,Torah,,
,,,,,,,,,,,,,,,,,,,,,,,,,,,,,,,Deuteronomy,Torah,,,,Numbers,Torah,,
,Book,Start,End,Starting Page,Step,Ending Page,,Book,Start,End,Starting Page,Step,Ending Page,,,Book,Start,End,Starting Page,Step,Ending Page,,Book,Start,End,Starting Page,Step,Ending Page,,,Joshua,,Neviim,,,Deuteronomy,Torah,,
01/01/2001,Genesis,1:1,1:23,7.2,,7.8,7.8,Joshua,1:1,2:7,225.8,,226.9,226.9,,Ruth,1:1,1:18,279.5,,280.2,280.2,Matthew,1,,3.2,,3.9,3.9,,Judges,,Neviim,,,Psalms,,,Ktuviim
02/01/2001,Genesis,1:24,2:7,,,8.4,8.4,Joshua,2:8,3:6,,,228.0,227.9,,Ruth,1:19,2:12,,,280.9,280.9,Matthew,2:1,2:15,,,4.6,4.6,,Ruth,,,Ktuviim,,Joshua,,Neviim,
03/01/2001,Genesis,2:8,2:25,end,,9.0,9.0,Joshua,3:7,4:13,,,229.0,229.0,,Ruth,2:13,3:5,,,281.6,281.6,Matthew,2:16,3:17,end,,5.3,5.3,,1 Samuel,,Neviim,,,Judges,,Neviim,
04/01/2001,Genesis,3:1,3:13,,,9.6,9.6,Joshua,4:14,5:15,,,230.1,230.1,,Ruth,3:6,4:4,,,282.3,282.3,Matthew,4:1,4:22,,,6.1,6.1,,2 Samuel,,Neviim,,,Ruth,,,Ktuviim
05/01/2001,Genesis,3:14,4:8,,,10.2,10.2,Joshua,6:1,6:25,,,231.2,231.2,,Ruth,4:5,4:22,3.5,0.70,283.0,283.0,Matthew,4:23,5:20,,,6.8,6.8,,1 Kings,,Neviim,,,Song of Songs,,,Ktuviim
06/01/2001,Genesis,4:9,4:24,,,10.8,10.8,Joshua,6:26,7:15,,,232.3,232.2,,1 Chronicles,1:1,1:33,413.2,,413.9,413.9,Matthew,5:21,5:37,,,7.5,7.5,,2 Kings,,Neviim,,,Proverbs,,,Ktuviim
07/01/2001,Genesis,4:25,5:20,,,11.4,11.4,Joshua,7:16,8:13,,,233.3,233.3,,1 Chronicles,1:34,2:8,,,414.6,414.6,Matthew,5:38,6:13,,,8.2,8.2,,1 Chronicles,,,Ktuviim,,Ecclesiastes,,,Ktuviim
08/01/2001,Genesis,5:21,6:8,,,12.0,12.0,Joshua,8:14,8:35,,,234.4,234.4,,1 Chronicles,2:9,2:33,,,415.3,415.3,Matthew,6:14,6:34,,,8.9,8.9,,2 Chronicles,,,Ktuviim,,1st Samuel,,Neviim,
09/01/2001,Genesis,6:9,6:22,end,,12.6,12.6,Joshua,9,,,,235.5,235.5,,1 Chronicles,2:34,3:4,,,416.0,416.0,Matthew,7:1,7:23,,,9.6,9.6,,Ezra,,,Ktuviim,,2nd Samuel,,Neviim,
10/01/2001,Genesis,7,,,,13.2,13.2,Joshua,10:1,10:27,,,236.6,236.5,,1 Chronicles,3:5,4:4,,,416.7,416.7,Matthew,7:24,8:17,,,10.3,10.4,,Nehemiah,,,Ktuviim,,Obadiah,,Neviim,
11/01/2001,Genesis,8:1,8:14,,,13.8,13.8,Joshua,10:28,11:5,,,237.6,237.6,,1 Chronicles,4:5,4:23,,,417.4,417.4,Matthew,8:18,9:8,,,11.0,11.1,,Esther,,,Ktuviim,,Joel,,Neviim,
12/01/2001,Genesis,8:15,9:7,,,14.4,14.4,Joshua,11:6,12:6,,,238.7,238.7,,1 Chronicles,4:24,5:3,,,418.1,418.1,Matthew,9:9,9:31,,,11.8,11.8,,Job,,,Ktuviim,,Jonah,,Neviim,
13/01/2001,Genesis,9:8,9:29,end,,15.0,15.0,Joshua,12:7,13:14,,,239.8,239.8,,1 Chronicles,5:4,5:22,,,418.8,418.8,Matthew,9:32,10:15,,,12.5,12.5,,Psalms,,,Ktuviim,,Amos,,Neviim,
14/01/2001,Genesis,10:1,10:20,,,15.6,15.6,Joshua,13:15,14:5,,,240.9,240.8,,1 Chronicles,5:23,6:30,,,419.5,419.5,Matthew,10:16,10:39,,,13.2,13.2,,Proverbs,,,Ktuviim,,Hosea,,Neviim,
15/01/2001,Genesis,10:21,11:9,,,16.2,16.2,Joshua,14:6,15:12,,,241.9,241.9,,1 Chronicles,6:31,6:53,,,420.2,420.2,Matthew,10:40,11:15,,,13.9,13.9,,Ecclesiastes,,,Ktuviim,,Micah,,Neviim,
16/01/2001,Genesis,11:10,11:32,end,,16.8,16.8,Joshua,15:13,15:63,,,243.0,243.0,,1 Chronicles,6:54,6:76,,,420.9,420.9,Matthew,11:16,12:8,,,14.6,14.6,,Song of Songs,,,Ktuviim,,Isaiah,,Neviim,
17/01/2001,Genesis,12:1,12:20,end,,17.4,17.4,Joshua,16,17,,,244.1,244.1,,1 Chronicles,6:77,7:13,,,421.6,421.6,Matthew,12:9,12:32,,,15.3,15.4,,Isaiah,,Neviim,,,Nahum,,Neviim,
18/01/2001,Genesis,13:1,13:13,,,18.0,18.0,Joshua,18:1,18:20,,,245.2,245.1,,1 Chronicles,7:14,7:40,end,,422.3,422.3,Matthew,12:33,12:50,end,,16.0,16.1,,Jeremiah,,Neviim,,,Zephaniah,,Neviim,
19/01/2001,Genesis,13:14,14:12,,,18.6,18.5,Joshua,18:21,19:23,,,246.2,246.2,,1 Chronicles,8:1,8:32,,,423.0,423.0,Matthew,13:1,13:23,,,16.7,16.8,,Lamentations,,,Ktuviim,,Habakkuk,,Neviim,
20/01/2001,Genesis,14:13,14:24,end,,19.2,19.1,Joshua,19:24,20:6,,,247.3,247.3,,1 Chronicles,8:33,9:9,,,423.7,423.8,Matthew,13:24,13:43,,,17.5,17.5,,Ezekiel,,Neviim,,,Ezekiel,,Neviim,
21/01/2001,Genesis,15:1,15:21,end,,19.8,19.7,Joshua,20:7,21:33,,,248.4,248.4,,1 Chronicles,9:10,9:27,,,424.4,424.5,Matthew,13:44,14:7,,,18.2,18.2,,Daniel,,,Ktuviim,,Lamentations,,,Ktuviim
22/01/2001,Genesis,16:1,16:16,end,,20.4,20.3,Joshua,21:34,22:14,,,249.5,249.4,,1 Chronicles,9:28,10:7,,,425.1,425.2,Matthew,14:8,14:33,,,18.9,18.9,,Hosea,,Neviim,,,Jeremiah,,Neviim,
23/01/2001,Genesis,17:1,17:14,,,21.0,20.9,Joshua,22:15,22:34,,,250.5,250.5,,1 Chronicles,10:8,11:9,,,425.8,425.9,Matthew,14:34,15:20,,,19.6,19.6,,Joel,,Neviim,,,1st Kings,,Neviim,
24/01/2001,Genesis,17:15,18:8,end,,21.6,21.5,Joshua,23:1,24:8,,,251.6,251.6,,1 Chronicles,11:10,11:25,,,426.5,426.6,Matthew,15:21,15:39,,,20.3,20.4,,Amos,,Neviim,,,2nd Kings,,Neviim,
25/01/2001,Genesis,18:9,18:25,,,22.2,22.1,Joshua,24:9,24:33,,1.08,252.7,252.6,,1 Chronicles,11:26,12:15,,,427.2,427.3,Matthew,16:1,16:23,,,21.0,21.1,,Obadiah,,Neviim,,,Daniel,,,Ktuviim
26/01/2001,Genesis,18:26,19:11,,,22.8,22.7,Judges,1:1,1:28,252.9,,254.0,254.0,,1 Chronicles,12:16,12:30,,,427.9,428.0,Matthew,16:24,17:21,,,21.7,21.8,,Jonah,,Neviim,,,Haggai,,Neviim,
27/01/2001,Genesis,19:12,19:26,,,23.4,23.3,Judges,1:29,2:17,,,255.0,255.0,,1 Chronicles,12:31,13:8,,,428.6,428.7,Matthew,17:22,18:11,,,22.4,22.5,,Micah,,Neviim,,,Zechariah,,Neviim,
28/01/2001,Genesis,19:27,19:38,end,,24.0,23.9,Judges,2:18,3:19,,,256.1,256.1,,1 Chronicles,13:9,14:12,,,429.2,429.4,Matthew,18:12,18:35,end,,23.2,23.2,,Nahum,,Neviim,,,Ezra,,,Ktuviim
29/01/2001,Genesis,20,,end,,24.6,24.5,Judges,3:20,4:13,,,257.1,257.2,,1 Chronicles,14:13,15:15,,,429.9,430.1,Matthew,19:1,19:22,,,23.9,23.9,,Habakkuk,,Neviim,,,1st Chronicles,,,Ktuviim
30/01/2001,Genesis,21:1,21:16,,,25.2,25.1,Judges,4:14,5:17,,,258.2,258.3,,1 Chronicles,15:16,16:3,,,430.6,430.8,Matthew,19:23,20:16,,,24.6,24.7,,Zephaniah,,Neviim,,,2nd Chronicles,,,Ktuviim
31/01/2001,Genesis,21:17,21:34,end,,25.8,25.7,Judges,5:18,6:11,,,259.2,259.3,,1 Chronicles,16:4,16:29,,,431.3,431.5,Matthew,20:17,20:34,end,,25.3,25.4,,Haggai,,Neviim,,,Esther,,,Ktuviim
01/02/2001,Genesis,22:1,22:19,,,26.4,26.3,Judges,6:12,6:37,,,260.3,260.4,,1 Chronicles,16:30,17:6,,,432.0,432.2,Matthew,21:1,21:17,,,26.0,26.1,,Zechariah,,Neviim,,,Malachi,,Neviim,
02/02/2001,Genesis,22:20,23:11,,,27.0,26.9,Judges,6:38,7:18,,,261.3,261.5,,1 Chronicles,17:7,17:23,,,432.7,432.9,Matthew,21:18,21:32,,,26.7,26.8,,Malachi,,Neviim,,,Nehemiah,,,Ktuviim
03/02/2001,Genesis,23:12,24:9,,,27.6,27.5,Judges,7:19,8:17,,,262.4,262.6,,1 Chronicles,17:24,18:13,,,433.4,433.6,Matthew,21:33,22:14,,,27.4,27.5,,,5,21,13,39,,,,
04/02/2001,Genesis,24:10,24:21,,,28.2,28.1,Judges,8:18,9:6,,,263.5,263.6,,1 Chronicles,18:14,19:15,,,434.1,434.3,Matthew,22:15,22:40,,,28.1,28.2,,,,,,,,,,
05/02/2001,Genesis,24:22,24:41,,,28.8,28.7,Judges,9:7,9:33,,,264.5,264.7,,1 Chronicles,19:16,20:8,end,,434.8,435.0,Matthew,22:41,23:22,,,28.9,28.9,,,,,,,,,,
06/02/2001,Genesis,24:42,24:60,,,29.4,29.3,Judges,9:34,10:5,,,265.6,265.8,,1 Chronicles,21:1,21:17,,,435.5,435.7,Matthew,23:23,23:39,,,29.6,29.7,,,,,,,,,,
07/02/2001,Genesis,24:61,25:10,,,30.0,29.9,Judges,10:6,11:11,,,266.6,266.9,,1 Chronicles,21:18,22:5,,,436.2,436.4,Matthew,24:1,24:28,,,30.3,30.4,,,,,,,,,,
08/02/2001,Genesis,25:11,25:28,,,30.6,30.5,Judges,11:12,11:33,,,267.7,267.9,,1 Chronicles,22:6,22:19,end,,436.9,437.1,Matthew,24:29,24:51,end,,31.0,31.1,,,,,,,,,,
09/02/2001,Genesis,25:29,26:11,,,31.2,31.1,Judges,11:34,13:5,,,268.7,269.0,,1 Chronicles,23:1,23:23,,,437.6,437.8,Matthew,25:1,25:23,,,31.7,31.8,,,,,,,,,,
10/02/2001,Genesis,26:12,26:25,,,31.8,31.7,Judges,13:6,14:4,,,269.8,270.1,,1 Chronicles,23:24,24:6,,,438.3,438.5,Matthew,25:24,25:46,end,,32.4,32.5,,,,,,,,,,
11/02/2001,Genesis,26:26,27:10,,,32.4,32.3,Judges,14:5,15:8,,,270.9,271.2,,1 Chronicles,24:7,24:31,end,,439.0,439.2,Matthew,26:1,26:25,,,33.1,33.2,,,,,,,,,,
12/02/2001,Genesis,27:11,27:29,,,33.0,32.9,Judges,15:9,16:12,,,271.9,272.2,,1 Chronicles,25,,end,,439.7,439.9,Matthew,26:26,26:43,,,33.8,33.9,,,,,,,,,,
13/02/2001,Genesis,27:30,27:45,,,33.6,33.5,Judges,16:13,16:31,,,273.0,273.3,,1 Chronicles,26:1,26:19,,,440.4,440.6,Matthew,26:44,26:75,end,,34.6,34.7,,,,,,,,,,
14/02/2001,Genesis,27:46,28:9,,,34.1,34.1,Judges,17:1,18:10,,,274.0,274.4,,1 Chronicles,26:20,27:4,,,441.1,441.3,Matthew,27:1,27:18,,,35.3,35.4,,,,,,,,,,
15/02/2001,Genesis,28:10,29:3,,,34.7,34.7,Judges,18:11,19:4,,,275.1,275.5,,1 Chronicles,27:5,27:24,,,441.8,442.0,Matthew,27:19,27:44,,,36.0,36.1,,,,,,,,,,
16/02/2001,Genesis,29:4,29:20,,,35.3,35.3,Judges,19:5,19:28,,,276.1,276.5,,1 Chronicles,27:25,28:5,,,442.5,442.7,Matthew,27:45,27:66,end,,36.7,36.8,,,,,,,,,,
17/02/2001,Genesis,29:21,29:35,end,,35.9,35.9,Judges,19:29,20:25,,,277.2,277.6,,1 Chronicles,28:6,28:19,,,443.2,443.5,Matthew,28:1,28:20,34.2,0.71,37.4,37.5,,,,,,,,,,
18/02/2001,Genesis,30:1,30:24,,,36.5,36.5,Judges,20:26,20:48,,,278.2,278.7,,1 Chronicles,28:20,29:13,,,443.9,444.2,Mark,1:1,1:22,37.6,,38.3,38.3,,,,,,,,,,
19/02/2001,Genesis,30:25,30:43,end,,37.1,37.1,Judges,21,,,1.06,279.3,279.7,,1 Chronicles,29:14,29:30,31.4,0.70,444.6,444.9,Mark,1:23,1:45,end,,39.0,39.0,,,,,,,,,,
20/02/2001,Genesis,31:1,31:16,,,37.7,37.7,1 Samuel,1,,283.2,,284.3,284.3,,2 Chronicles,1,,444.8,,445.5,445.5,Mark,2:1,2:20,,,39.7,39.7,,,,,,,,,,
21/02/2001,Genesis,31:17,31:35,,,38.3,38.3,1 Samuel,2:1,2:26,,,285.4,285.3,,2 Chronicles,2:1,2:12,,,446.2,446.2,Mark,2:21,3:12,,,40.4,40.5,,,,,,,,,,
22/02/2001,Genesis,31:36,31:55,end,,38.9,38.9,1 Samuel,2:27,3:18,,,286.4,286.4,,2 Chronicles,2:12,3:10,,,446.9,446.9,Mark,3:13,3:35,end,,41.1,41.2,,,,,,,,,,
23/02/2001,Genesis,32:1,32:12,,,39.5,39.5,1 Samuel,3:19,4:22,,,287.5,287.5,,2 Chronicles,3:11,4:10,,,447.6,447.6,Mark,4:1,4:25,,,41.8,41.9,,,,,,,,,,
24/02/2001,Genesis,32:13,32:32,end,,40.1,40.0,1 Samuel,5:1,6:9,,,288.6,288.6,,2 Chronicles,4:11,5:10,,,448.3,448.3,Mark,4:26,5:5,,,42.5,42.6,,,,,,,,,,
25/02/2001,Genesis,33:1,33:17,,,40.7,40.6,1 Samuel,6:10,7:12,,,289.7,289.6,,2 Chronicles,5:11,6:11,,,449.1,449.0,Mark,5:6,5:30,,,43.3,43.3,,,,,,,,,,
26/02/2001,Genesis,33:18,34:17,,,41.3,41.2,1 Samuel,7:13,8:22,,,290.7,290.7,,2 Chronicles,6:12,6:27,,,449.8,449.7,Mark,5:31,6:6,,,44.0,44.0,,,,,,,,,,
27/02/2001,Genesis,34:18,34:31,end,,41.9,41.8,1 Samuel,9:1,9:24,,,291.8,291.8,,2 Chronicles,6:28,6:42,end,,450.5,450.4,Mark,6:7,6:29,,,44.7,44.8,,,,,,,,,,
28/02/2001,Genesis,35:1,35:15,,,42.5,42.4,1 Samuel,9:25,10:24,,,292.9,292.9,,2 Chronicles,7:1,7:11,,,451.2,451.1,Mark,6:30,6:56,end,,45.4,45.5,,,,,,,,,,
01/03/2001,Genesis,35:16,36:8,,,43.1,43.0,1 Samuel,10:25,12:5,,,294.0,293.9,,2 Chronicles,7:12,8:10,,,451.9,451.8,Mark,7:1,7:16,,,46.1,46.2,,,,,,,,,,
02/03/2001,Genesis,36:9,36:19,,,43.7,43.6,1 Samuel,12:6,13:4,,,295.1,295.0,,2 Chronicles,8:11,9:6,,,452.6,452.5,Mark,7:17,7:37,end,,46.8,46.9,,,,,,,,,,
03/03/2001,Genesis,36:20,36:43,end,,44.3,44.2,1 Samuel,13:5,14:3,,,296.1,296.1,,2 Chronicles,9:7,9:24,,,453.3,453.2,Mark,8:1,8:26,,,47.5,47.6,,,,,,,,,,
04/03/2001,Genesis,37:1,37:17,,,44.9,44.8,1 Samuel,14:4,14:30,,,297.2,297.2,,2 Chronicles,9:25,10:11,,,454.0,453.9,Mark,8:27,9:8,,,48.2,48.3,,,,,,,,,,
05/03/2001,Genesis,37:18,37:36,end,,45.5,45.4,1 Samuel,14:31,15:5,,,298.3,298.2,,2 Chronicles,10:12,11:12,,,454.7,454.6,Mark,9:9,9:29,,,48.9,49.0,,,,,,,,,,
06/03/2001,Genesis,38:1,38:14,,,46.1,46.0,1 Samuel,15:6,15:35,end,,299.4,299.3,,2 Chronicles,11:13,12:4,,,455.4,455.4,Mark,9:30,9:50,end,,49.6,49.8,,,,,,,,,,
07/03/2001,Genesis,38:15,38:30,end,,46.7,46.6,1 Samuel,16:1,16:23,end,,300.5,300.4,,2 Chronicles,12:5,13:3,,,456.2,456.1,Mark,10:1,10:27,,,50.3,50.5,,,,,,,,,,
08/03/2001,Genesis,39:1,39:12,,,47.3,47.2,1 Samuel,17:1,17:30,,,301.5,301.5,,2 Chronicles,13:4,13:22,end,,456.9,456.8,Mark,10:28,10:45,,,51.0,51.2,,,,,,,,,,
09/03/2001,Genesis,39:13,40:8,,,47.9,47.8,1 Samuel,17:31,17:54,,,302.6,302.5,,2 Chronicles,14,,end,,457.6,457.5,Mark,10:46,11:14,,,51.7,51.9,,,,,,,,,,
10/03/2001,Genesis,40:9,40:23,end,,48.5,48.4,1 Samuel,17:55,18:27,,,303.7,303.6,,2 Chronicles,15,,end,,458.3,458.2,Mark,11:15,11:33,end,,52.4,52.6,,,,,,,,,,
11/03/2001,Genesis,41:1,41:16,,,49.1,49.0,1 Samuel,18:28,19:24,end,,304.8,304.7,,2 Chronicles,16,,end,,459.0,458.9,Mark,12:1,12:27,,,53.1,53.3,,,,,,,,,,
12/03/2001,Genesis,41:17,41:36,,,49.7,49.6,1 Samuel,20:1,20:23,,,305.8,305.8,,2 Chronicles,17,,end,,459.7,459.6,Mark,12:28,12:44,end,,53.8,54.0,,,,,,,,,,
13/03/2001,Genesis,41:37,41:57,end,,50.3,50.2,1 Samuel,20:24,21:6,,,306.9,306.8,,2 Chronicles,18:1,18:17,,,460.4,460.3,Mark,13:1,13:23,,,54.6,54.8,,,,,,,,,,
14/03/2001,Genesis,42:1,42:17,,,50.9,50.8,1 Samuel,21:7,22:12,,,308.0,307.9,,2 Chronicles,18:18,18:34,end,,461.1,461.0,Mark,13:24,14:9,,,55.3,55.5,,,,,,,,,,
15/03/2001,Genesis,42:18,42:34,,,51.5,51.4,1 Samuel,22:13,23:18,,,309.1,309.0,,2 Chronicles,19:1,20:4,,,461.8,461.7,Mark,14:10,14:31,,,56.0,56.2,,,,,,,,,,
16/03/2001,Genesis,42:35,43:10,,,52.1,52.0,1 Samuel,23:19,24:15,,,310.2,310.0,,2 Chronicles,20:5,20:19,,,462.5,462.4,Mark,14:32,14:52,,,56.7,56.9,,,,,,,,,,
17/03/2001,Genesis,43:11,43:25,,,52.7,52.6,1 Samuel,24:16,25:17,,,311.2,311.1,,2 Chronicles,20:20,20:37,end,,463.3,463.1,Mark,14:53,14:72,end,,57.4,57.6,,,,,,,,,,
18/03/2001,Genesis,43:26,44:5,,,53.3,53.2,1 Samuel,25:18,25:38,,,312.3,312.2,,2 Chronicles,21:1,21:17,,,464.0,463.8,Mark,15:1,15:21,,,58.1,58.3,,,,,,,,,,
19/03/2001,Genesis,44:6,44:26,,,53.9,53.8,1 Samuel,25:39,26:20,,,313.4,313.3,,2 Chronicles,21:18,22:12,end,,464.7,464.5,Mark,15:22,15:47,end,,58.8,59.1,,,,,,,,,,
20/03/2001,Genesis,44:27,45:7,,,54.5,54.4,1 Samuel,26:21,28:6,,,314.5,314.3,,2 Chronicles,23:1,23:11,,,465.4,465.2,Mark,16:1,16:20,,0.71,59.5,59.8,,,,,,,,,,
21/03/2001,Genesis,45:8,45:28,end,,55.1,55.0,1 Samuel,28:7,29:5,,,315.5,315.4,,2 Chronicles,23:12,24:7,,,466.1,465.9,Luke,1:1,1:20,59.7,,60.4,60.4,,,,,,,,,,
22/03/2001,Genesis,46:1,46:15,,,55.7,55.6,1 Samuel,29:6,30:15,,,316.6,316.5,,2 Chronicles,24:8,24:22,,,466.8,466.6,Luke,1:21,1:45,,,61.1,61.1,,,,,,,,,,
23/03/2001,Genesis,46:16,46:34,end,,56.3,56.2,1 Samuel,30:16,31:13,,1.08,317.7,317.6,,2 Chronicles,24:23,25:10,,,467.5,467.3,Luke,1:46,1:66,,,61.8,61.8,,,,,,,,,,
24/03/2001,Genesis,47:1,47:17,,,56.9,56.8,2 Samuel,1,,317.9,,319.0,319.0,,2 Chronicles,25:11,25:24,,,468.2,468.0,Luke,1:67,2:14,,,62.5,62.6,,,,,,,,,,
25/03/2001,Genesis,47:18,47:31,end,,57.5,57.4,2 Samuel,2:1,2:28,,,320.0,320.0,,2 Chronicles,25:25,26:10,,,468.9,468.7,Luke,2:15,2:38,,,63.2,63.3,,,,,,,,,,
26/03/2001,Genesis,48:1,48:14,,,58.1,58.0,2 Samuel,2:29,3:21,,,321.1,321.1,,2 Chronicles,26:11,26:23,,,469.6,469.4,Luke,2:39,3:9,,,64.0,64.0,,,,,,,,,,
27/03/2001,Genesis,48:15,49:7,,,58.7,58.6,2 Samuel,3:22,4:8,,,322.2,322.2,,2 Chronicles,27:1,28:8,,,470.3,470.1,Luke,3:10,3:22,,,64.7,64.7,,,,,,,,,,
28/03/2001,Genesis,49:8,49:26,,,59.3,59.2,2 Samuel,4:9,5:21,,,323.2,323.3,,2 Chronicles,28:9,28:27,end,,471.1,470.8,Luke,3:23,4:8,,,65.4,65.4,,,,,,,,,,
29/03/2001,Genesis,49:27,50:11,,,59.9,59.8,2 Samuel,5:22,6:23,end,,324.3,324.3,,2 Chronicles,29:1,29:17,,,471.8,471.5,Luke,4:9,4:32,,,66.1,66.1,,,,,,,,,,
30/03/2001,Genesis,50:12,50:26,end,0.60,60.5,60.4,2 Samuel,7:1,7:24,,,325.4,325.4,,2 Chronicles,29:18,29:30,,,472.5,472.2,Luke,4:33,5:7,,,66.8,66.9,,,,,,,,,,
31/03/2001,Exodus,1:1,1:22,60.6,,61.2,61.2,2 Samuel,7:25,8:18,end,,326.4,326.5,,2 Chronicles,29:31,30:9,,,473.2,472.9,Luke,5:8,5:26,,,67.5,67.6,,,,,,,,,,
01/04/2001,Exodus,2:1,2:12,,,61.8,61.8,2 Samuel,9:1,10:14,,,327.5,327.6,,2 Chronicles,30:10,30:27,end,,473.9,473.6,Luke,5:27,6:5,,,68.2,68.3,,,,,,,,,,
02/04/2001,Exodus,2:13,2:25,end,,62.4,62.4,2 Samuel,10:15,11:17,,,328.6,328.6,,2 Chronicles,31:1,31:10,,,474.6,474.3,Luke,6:6,6:32,,,68.9,69.0,,,,,,,,,,
03/04/2001,Exodus,3:1,3:17,,,63.0,63.0,2 Samuel,11:18,12:18,,,329.6,329.7,,2 Chronicles,31:11,32:5,,,475.3,475.1,Luke,6:33,6:49,end,,69.6,69.7,,,,,,,,,,
04/04/2001,Exodus,3:18,4:9,,,63.6,63.6,2 Samuel,12:19,13:14,,,330.7,330.8,,2 Chronicles,32:6,32:21,,,476.0,475.8,Luke,7:1,7:23,,,70.3,70.4,,,,,,,,,,
05/04/2001,Exodus,4:10,4:23,,,64.2,64.2,2 Samuel,13:15,14:3,,,331.8,331.9,,2 Chronicles,32:22,33:3,,,476.7,476.5,Luke,7:24,7:43,,,71.1,71.1,,,,,,,,,,
06/04/2001,Exodus,4:24,5:9,,,64.8,64.8,2 Samuel,14:4,14:24,,,332.8,332.9,,2 Chronicles,33:4,33:17,,,477.4,477.2,Luke,7:44,8:15,,,71.8,71.9,,,,,,,,,,
07/04/2001,Exodus,5:10,5:23,end,,65.4,65.4,2 Samuel,14:25,15:18,,,333.9,334.0,,2 Chronicles,33:18,34:11,,,478.2,477.9,Luke,8:16,8:36,,,72.5,72.6,,,,,,,,,,
08/04/2001,Exodus,6:1,6:19,,,66.0,66.0,2 Samuel,15:19,16:4,,,335.0,335.1,,2 Chronicles,34:12,34:25,,,478.9,478.6,Luke,8:37,8:56,end,,73.2,73.3,,,,,,,,,,
09/04/2001,Exodus,6:20,7:7,,,66.6,66.6,2 Samuel,16:5,17:7,,,336.0,336.2,,2 Chronicles,34:26,35:6,,,479.6,479.3,Luke,9:1,9:17,,,73.9,74.0,,,,,,,,,,
10/04/2001,Exodus,7:8,7:24,,,67.2,67.2,2 Samuel,17:8,17:29,end,,337.1,337.2,,2 Chronicles,35:7,35:19,,,480.3,480.0,Luke,9:18,9:36,,,74.6,74.7,,,,,,,,,,
11/04/2001,Exodus,7:25,8:15,,,67.8,67.8,2 Samuel,18:1,18:23,,,338.2,338.3,,2 Chronicles,35:20,36:9,,,481.0,480.7,Luke,9:37,9:62,end,,75.3,75.4,,,,,,,,,,
12/04/2001,Exodus,8:16,8:24,,,68.3,68.4,2 Samuel,18:24,19:15,,,339.2,339.4,,2 Chronicles,36:10,36:23,36.9,0.71,481.7,481.4,Luke,10:1,10:20,,,76.0,76.1,,,,,,,,,,
13/04/2001,Exodus,8:25,9:7,,,68.9,69.0,2 Samuel,19:16,19:39,,,340.3,340.5,,Ezra,1:1,2:6,481.8,,482.5,482.5,Luke,10:21,10:42,end,,76.7,76.9,,,,,,,,,,
14/04/2001,Exodus,9:8,9:21,,,69.5,69.6,2 Samuel,19:40,20:19,,,341.4,341.5,,Ezra,2:7,2:42,,,483.2,483.2,Luke,11:1,11:23,,,77.4,77.6,,,,,,,,,,
15/04/2001,Exodus,9:22,9:35,end,,70.1,70.2,2 Samuel,20:20,21:14,,,342.4,342.6,,Ezra,2:43,2:67,,,483.9,483.9,Luke,11:24,11:42,,,78.1,78.3,,,,,,,,,,
16/04/2001,Exodus,10:1,10:15,,,70.7,70.8,2 Samuel,21:15,22:28,,,343.5,343.7,,Ezra,2:68,3:9,,,484.6,484.6,Luke,11:43,12:10,,,78.9,79.0,,,,,,,,,,
17/04/2001,Exodus,10:16,11:3,,,71.3,71.4,2 Samuel,22:29,23:10,,,344.6,344.7,,Ezra,3:10,4:7,,,485.2,485.3,Luke,12:11,12:34,,,79.6,79.7,,,,,,,,,,
18/04/2001,Exodus,11:4,12:10,,,71.9,71.9,2 Samuel,23:11,24:4,,,345.6,345.8,,Ezra,4:8,4:24,end,,485.9,486.0,Luke,12:35,12:53,,,80.3,80.4,,,,,,,,,,
19/04/2001,Exodus,12:11,12:20,,,72.5,72.5,2 Samuel,24:5,24:25,,1.07,346.7,346.9,,Ezra,5:1,5:13,,,486.6,486.7,Luke,12:54,13:17,,,81.0,81.2,,,,,,,,,,
20/04/2001,Exodus,12:21,12:36,,,73.1,73.1,1 Kings,1:1,1:27,346.8,,347.9,347.9,,Ezra,5:14,6:12,,,487.3,487.4,Luke,13:18,13:35,end,,81.7,81.9,,,,,,,,,,
21/04/2001,Exodus,12:37,12:51,end,,73.7,73.7,1 Kings,1:28,1:53,end,,348.9,348.9,,Ezra,6:13,7:6,,,488.0,488.1,Luke,14:1,14:24,,,82.4,82.6,,,,,,,,,,
22/04/2001,Exodus,13:1,13:16,,,74.3,74.3,1 Kings,2:1,2:25,,,350.0,350.0,,Ezra,7:7,7:20,,,488.7,488.8,Luke,14:25,15:7,,,83.1,83.3,,,,,,,,,,
23/04/2001,Exodus,13:17,14:9,,,74.9,74.9,1 Kings,2:26,2:46,end,,351.0,351.1,,Ezra,7:21,8:14,,,489.4,489.5,Luke,15:8,15:32,end,,83.8,84.0,,,,,,,,,,
24/04/2001,Exodus,14:10,14:22,,,75.5,75.5,1 Kings,3,,end,,352.1,352.2,,Ezra,8:15,8:30,,,490.1,490.2,Luke,16:1,16:18,,,84.5,84.7,,,,,,,,,,
25/04/2001,Exodus,14:23,15:7,,,76.1,76.1,1 Kings,4,,end,,353.2,353.2,,Ezra,8:31,9:4,,,490.7,490.9,Luke,16:19,17:10,,,85.2,85.4,,,,,,,,,,
26/04/2001,Exodus,15:8,15:21,,,76.7,76.7,1 Kings,5:1,6:4,,,354.2,354.3,,Ezra,9:5,9:15,end,,491.4,491.6,Luke,17:11,17:37,,,86.0,86.2,,,,,,,,,,
27/04/2001,Exodus,15:22,16:8,,,77.3,77.3,1 Kings,6:5,6:30,,,355.3,355.4,,Ezra,10:1,10:15,,,492.1,492.4,Luke,18:1,18:23,,,86.7,86.9,,,,,,,,,,
28/04/2001,Exodus,16:9,16:21,,,77.9,77.9,1 Kings,6:31,7:22,,,356.3,356.5,,Ezra,10:15,10:44,11.0,0.69,492.8,493.1,Luke,18:24,18:43,end,,87.4,87.6,,,,,,,,,,
29/04/2001,Exodus,16:22,17:7,,,78.5,78.5,1 Kings,7:23,7:51,,,357.4,357.5,,Nehemiah,1:1,2:6,493.2,,493.9,493.9,Luke,19:1,19:27,,,88.1,88.3,,,,,,,,,,
30/04/2001,Exodus,17:8,18:6,,,79.1,79.1,1 Kings,8:1,8:26,,,358.5,358.6,,Nehemiah,2:7,2:20,,,494.6,494.6,Luke,19:28,19:48,end,,88.8,89.0,,,,,,,,,,
01/05/2001,Exodus,18:7,18:16,,,79.7,79.7,1 Kings,8:27,8:45,,,359.5,359.7,,Nehemiah,3:1,3:14,,,495.3,495.3,Luke,20:1,20:26,,,89.5,89.7,,,,,,,,,,
02/05/2001,Exodus,18:17,19:6,,,80.3,80.3,1 Kings,8:46,8:66,end,,360.6,360.8,,Nehemiah,3:15,3:32,,,496.0,496.0,Luke,20:27,21:4,,,90.2,90.4,,,,,,,,,,
03/05/2001,Exodus,19:7,19:25,,,80.9,80.9,1 Kings,9,,end,,361.6,361.8,,Nehemiah,4:1,4:17,,,496.7,496.7,Luke,21:5,21:24,,,90.9,91.2,,,,,,,,,,
04/05/2001,Exodus,20:1,20:17,,,81.5,81.5,1 Kings,10,,end,,362.7,362.9,,Nehemiah,4:18,5:11,,,497.4,497.4,Luke,21:25,22:6,,,91.6,91.9,,,,,,,,,,
05/05/2001,Exodus,20:18,21:6,,,82.1,82.1,1 Kings,11:1,11:25,,,363.8,364.0,,Nehemiah,5:12,6:9,,,498.1,498.1,Luke,22:7,22:34,,,92.3,92.6,,,,,,,,,,
06/05/2001,Exodus,21:7,21:27,,,82.7,82.7,1 Kings,11:26,12:5,,,364.8,365.1,,Nehemiah,6:10,7:4,,,498.8,498.8,Luke,22:35,22:62,,,93.1,93.3,,,,,,,,,,
07/05/2001,Exodus,21:28,22:6,,,83.3,83.3,1 Kings,12:6,12:31,,,365.9,366.1,,Nehemiah,7:5,7:38,,,499.5,499.5,Luke,22:63,23:12,,,93.8,94.0,,,,,,,,,,
08/05/2001,Exodus,22:7,22:24,,,83.8,83.9,1 Kings,12:32,13:19,,,366.9,367.2,,Nehemiah,7:39,7:62,,,500.2,500.2,Luke,23:13,23:38,,,94.5,94.7,,,,,,,,,,
09/05/2001,Exodus,22:25,23:13,,,84.4,84.5,1 Kings,13:20,14:10,,,368.0,368.3,,Nehemiah,7:63,8:3,,,500.9,500.9,Luke,23:39,23:56,end,,95.2,95.5,,,,,,,,,,
10/05/2001,Exodus,23:14,23:33,end,,85.0,85.1,1 Kings,14:11,14:31,end,,369.0,369.4,,Nehemiah,8:4,8:18,,,501.6,501.6,Luke,24:1,24:27,,,95.9,96.2,,,,,,,,,,
11/05/2001,Exodus,24:1,24:18,end,,85.6,85.7,1 Kings,15:1,15:30,,,370.1,370.4,,Nehemiah,9:1,9:15,,,502.3,502.3,Luke,24:28,24:53,end,0.71,96.6,96.9,,,,,,,,,,
12/05/2001,Exodus,25:1,25:16,,,86.2,86.3,1 Kings,15:31,16:24,,,371.2,371.5,,Nehemiah,9:16,9:28,,,503.0,503.0,John,1:1,1:28,96.8,,97.5,97.5,,,,,,,,,,
13/05/2001,Exodus,25:17,25:34,,,86.8,86.9,1 Kings,16:25,17:16,,,372.2,372.6,,Nehemiah,9:29,10:13,,,503.7,503.8,John,1:29,1:51,end,,98.2,98.2,,,,,,,,,,
14/05/2001,Exodus,25:35,26:6,,,87.4,87.5,1 Kings,17:17,18:24,,,373.3,373.6,,Nehemiah,10:14,10:36,,,504.4,504.5,John,2:1,2:25,end,,99.0,98.9,,,,,,,,,,
15/05/2001,Exodus,26:7,26:25,,,88.0,88.1,1 Kings,18:25,18:46,end,,374.3,374.7,,Nehemiah,10:37,11:14,,,505.1,505.2,John,3:1,3:21,,,99.7,99.7,,,,,,,,,,
16/05/2001,Exodus,26:26,27:8,,,88.6,88.7,1 Kings,19,,,,375.4,375.8,,Nehemiah,11:15,11:36,end,,505.8,505.9,John,3:22,4:10,,,100.4,100.4,,,,,,,,,,
17/05/2001,Exodus,27:9,27:21,end,,89.2,89.3,1 Kings,20:1,20:27,,,376.5,376.9,,Nehemiah,12:1,12:29,,,506.5,506.6,John,4:11,4:30,,,101.1,101.1,,,,,,,,,,
18/05/2001,Exodus,28:1,28:14,,,89.8,89.9,1 Kings,20:28,21:4,,,377.5,377.9,,Nehemiah,12:30,12:47,,,507.2,507.3,John,4:31,4:54,end,,101.8,101.8,,,,,,,,,,
19/05/2001,Exodus,28:15,28:30,,,90.4,90.5,1 Kings,21:5,21:29,end,,378.6,379.0,,Nehemiah,13:1,13:14,,,507.9,508.0,John,5:1,5:24,,,102.5,102.5,,,,,,,,,,
20/05/2001,Exodus,28:31,29:3,,,91.0,91.1,1 Kings,22:1,22:28,,,379.6,380.1,,Nehemiah,13:15,13:31,15.4,0.70,508.6,508.7,John,5:25,5:47,end,,103.3,103.2,,,,,,,,,,
21/05/2001,Exodus,29:4,29:18,,,91.6,91.7,1 Kings,22:29,22:53,end,1.06,380.7,381.2,,Esther,1:1,1:15,508.8,,509.5,509.5,John,6:1,6:24,,,104.0,104.0,,,,,,,,,,
22/05/2001,Exodus,29:19,29:34,,,92.2,92.3,2 Kings,1:1,2:3,380.9,,382.0,382.0,,Esther,1:16,2:7,,,510.2,510.2,John,6:25,6:51,,,104.7,104.7,,,,,,,,,,
23/05/2001,Exodus,29:35,29:46,end,,92.8,92.9,2 Kings,2:4,3:3,,,383.0,383.0,,Esther,2:8,2:18,,,510.8,510.9,John,6:52,6:71,end,,105.4,105.4,,,,,,,,,,
24/05/2001,Exodus,30:1,30:16,,,93.4,93.4,2 Kings,3:4,3:27,end,,384.1,384.1,,Esther,2:19,3:9,,,511.5,511.6,John,7:1,7:31,,,106.1,106.1,,,,,,,,,,
25/05/2001,Exodus,30:17,30:38,end,,94.0,94.0,2 Kings,4:1,4:31,,,385.2,385.2,,Esther,3:10,4:9,,,512.2,512.3,John,7:32,7:53,end,,106.9,106.8,,,,,,,,,,
26/05/2001,Exodus,31,,,,94.6,94.6,2 Kings,4:32,5:7,,,386.2,386.3,,Esther,4:10,5:8,,,512.9,513.0,John,8:1,8:24,,,107.6,107.5,,,,,,,,,,
27/05/2001,Exodus,32:1,32:10,,,95.2,95.2,2 Kings,5:8,6:7,,,387.3,387.3,,Esther,5:9,6:3,,,513.5,513.7,John,8:25,8:47,,,108.3,108.2,,,,,,,,,,
28/05/2001,Exodus,32:11,32:24,,,95.8,95.8,2 Kings,6:8,6:33,end,,388.4,388.4,,Esther,6:4,7:6,,,514.2,514.4,John,8:48,9:12,,,109.0,109.0,,,,,,,,,,
29/05/2001,Exodus,32:25,33:6,,,96.4,96.4,2 Kings,7,,end,,389.4,389.5,,Esther,7:7,8:8,,,514.9,515.1,John,9:13,9:34,,,109.7,109.7,,,,,,,,,,
30/05/2001,Exodus,33:7,33:23,end,,97.0,97.0,2 Kings,8:1,8:24,,,390.5,390.6,,Esther,8:9,9:4,,,515.6,515.8,John,9:35,10:21,,,110.5,110.4,,,,,,,,,,
31/05/2001,Exodus,34:1,34:9,,,97.6,97.6,2 Kings,8:25,9:21,,,391.6,391.6,,Esther,9:5,9:19,,,516.2,516.5,John,10:22,11:4,,,111.2,111.1,,,,,,,,,,
01/06/2001,Exodus,34:10,34:28,,,98.2,98.2,2 Kings,9:22,10:5,,,392.6,392.7,,Esther,9:20,10:3,8.1,0.67,516.9,517.2,John,11:5,11:31,,,111.9,111.8,,,,,,,,,,
02/06/2001,Exodus,34:29,35:3,,,98.7,98.8,2 Kings,10:6,10:31,,,393.7,393.8,,Job,1,,517.2,,517.9,517.9,John,11:32,11:54,,,112.6,112.5,,,,,,,,,,
03/06/2001,Exodus,35:4,35:24,,,99.3,99.4,2 Kings,10:32,11:16,,,394.8,394.9,,Job,2,,end,,518.6,518.6,John,11:55,12:19,,,113.3,113.2,,,,,,,,,,
04/06/2001,Exodus,35:25,36:7,,,99.9,100.0,2 Kings,11:17,12:21,end,,395.8,395.9,,Job,3,,end,,519.3,519.3,John,12:20,12:43,,,114.0,114.0,,,,,,,,,,
05/06/2001,Exodus,36:8,36:22,,,100.5,100.6,2 Kings,13,,,,396.9,397.0,,Job,4,5:7,,,520.0,520.0,John,12:44,13:17,,,114.8,114.7,,,,,,,,,,
06/06/2001,Exodus,36:23,36:38,end,,101.1,101.2,2 Kings,14:1,14:24,,,398.0,398.1,,Job,5:8,6:7,,,520.7,520.7,John,13:18,13:38,end,,115.5,115.4,,,,,,,,,,
07/06/2001,Exodus,37:1,37:24,,,101.7,101.8,2 Kings,14:25,15:22,,,399.0,399.2,,Job,6:8,7:6,,,521.4,521.4,John,14:1,14:26,,,116.2,116.1,,,,,,,,,,
08/06/2001,Exodus,37:25,38:8,,,102.3,102.4,2 Kings,15:23,16:9,,,400.1,400.2,,Job,7:7,8:14,,,522.1,522.1,John,14:27,15:17,,,116.9,116.8,,,,,,,,,,
09/06/2001,Exodus,38:9,38:23,,,102.9,103.0,2 Kings,16:10,17:14,,,401.2,401.3,,Job,8:15,9:24,,,522.8,522.8,John,15:18,16:15,,,117.6,117.5,,,,,,,,,,
10/06/2001,Exodus,38:24,39:7,,,103.5,103.6,2 Kings,17:15,17:35,,,402.2,402.4,,Job,9:25,10:17,,,523.5,523.5,John,16:16,17:3,,,118.4,118.3,,,,,,,,,,
11/06/2001,Exodus,39:8,39:26,,,104.1,104.2,2 Kings,17:36,18:20,,,403.3,403.5,,Job,10:18,11:20,end,,524.2,524.2,John,17:4,17:26,end,,119.1,119.0,,,,,,,,,,
12/06/2001,Exodus,39:27,39:43,end,,104.7,104.8,2 Kings,18:21,19:4,,,404.4,404.5,,Job,12,,end,,524.9,524.9,John,18:1,18:18,,,119.8,119.7,,,,,,,,,,
13/06/2001,Exodus,40:1,40:21,,,105.3,105.4,2 Kings,19:5,19:28,,,405.4,405.6,,Job,13:1,14:6,,,525.6,525.6,John,18:19,18:40,end,,120.5,120.4,,,,,,,,,,
14/06/2001,Exodus,40:22,40:38,,0.60,105.9,106.0,2 Kings,19:29,20:17,,,406.5,406.7,,Job,14:7,15:11,,,526.3,526.3,John,19:1,19:18,,,121.2,121.1,,,,,,,,,,
15/06/2001,Leviticus,1,,106.2,,106.8,106.8,2 Kings,20:18,21:22,,,407.6,407.7,,Job,15:12,15:35,end,,527.0,527.0,John,19:19,19:37,,,121.9,121.8,,,,,,,,,,
16/06/2001,Leviticus,2,,end,,107.4,107.4,2 Kings,21:23,22:20,end,,408.6,408.8,,Job,16:1,17:5,,,527.7,527.8,John,19:38,20:18,,,122.7,122.5,,,,,,,,,,
17/06/2001,Leviticus,3,,end,,108.0,108.0,2 Kings,23:1,23:18,,,409.7,409.9,,Job,17:6,18:21,end,,528.4,528.5,John,20:19,20:31,,,123.4,123.3,,,,,,,,,,
18/06/2001,Leviticus,4:1,4:12,,,108.6,108.6,2 Kings,23:19,24:4,,,410.8,411.0,,Job,19,,end,,529.1,529.2,John,21,,end,0.72,124.1,124.0,,,,,,,,,,
19/06/2001,Leviticus,4:13,4:26,,,109.2,109.2,2 Kings,24:5,25:7,,,411.8,412.0,,Job,20,,end,,529.8,529.9,Acts,1:1,1:20,124.3,,125.0,125.0,,,,,,,,,,
20/06/2001,Leviticus,4:27,4:35,end,,109.7,109.8,2 Kings,25:8,25:30,,1.07,412.9,413.1,,Job,21:1,21:26,,,530.5,530.6,Acts,1:21,2:13,,,125.7,125.7,,,,,,,,,,
21/06/2001,Leviticus,5:1,5:13,,,110.3,110.4,Isaiah,1,,647.2,,648.3,648.3,,Job,21:27,22:30,,,531.3,531.3,Acts,2:14,2:36,,,126.4,126.4,,,,,,,,,,
22/06/2001,Leviticus,5:14,6:7,,,110.9,111.0,Isaiah,2:1,3:11,,,649.4,649.3,,Job,23:1,24:8,,,532.0,532.0,Acts,2:37,3:11,,,127.1,127.2,,,,,,,,,,
23/06/2001,Leviticus,6:8,6:23,,,111.5,111.6,Isaiah,3:12,5:6,,,650.4,650.4,,Job,24:9,25:6,end,,532.7,532.7,Acts,3:12,4:10,,,127.9,127.9,,,,,,,,,,
24/06/2001,Leviticus,6:24,7:10,,,112.1,112.2,Isaiah,5:7,6:4,,,651.5,651.5,,Job,26:1,27:12,,,533.4,533.4,Acts,4:11,4:31,,,128.6,128.6,,,,,,,,,,
25/06/2001,Leviticus,7:11,7:27,,,112.7,112.8,Isaiah,6:5,7:20,,,652.6,652.6,,Job,27:13,28:19,,,534.1,534.1,Acts,4:32,5:11,,,129.3,129.3,,,,,,,,,,
26/06/2001,Leviticus,7:28,8:5,,,113.3,113.4,Isaiah,7:21,8:22,end,,653.7,653.6,,Job,28:20,29:25,end,,534.8,534.8,Acts,5:12,5:32,,,130.0,130.0,,,,,,,,,,
27/06/2001,Leviticus,8:6,8:21,,,113.9,114.0,Isaiah,9:1,10:7,,,654.8,654.7,,Job,30:1,30:23,,,535.5,535.5,Acts,5:33,6:7,,,130.7,130.7,,,,,,,,,,
28/06/2001,Leviticus,8:22,8:36,end,,114.5,114.6,Isaiah,10:8,11:5,,,655.9,655.8,,Job,30:24,31:23,,,536.2,536.2,Acts,6:8,7:16,,,131.4,131.5,,,,,,,,,,
29/06/2001,Leviticus,9:1,9:14,,,115.1,115.2,Isaiah,11:6,13:8,,,656.9,656.9,,Job,31:24,32:10,,,536.9,536.9,Acts,7:17,7:34,,,132.1,132.2,,,,,,,,,,
30/06/2001,Leviticus,9:15,10:5,,,115.7,115.8,Isaiah,13:9,14:17,,,658.0,657.9,,Job,32:11,33:13,,,537.6,537.6,Acts,7:35,7:53,,,132.8,132.9,,,,,,,,,,
01/07/2001,Leviticus,10:6,10:15,,,116.2,116.4,Isaiah,14:18,15:9,end,,659.1,659.0,,Job,33:14,34:9,,,538.3,538.3,Acts,7:54,8:17,,,133.6,133.6,,,,,,,,,,
02/07/2001,Leviticus,10:16,11:12,,,116.8,117.0,Isaiah,16,17,end,,660.2,660.1,,Job,34:10,34:37,end,,539.0,539.0,Acts,8:18,8:40,end,,134.3,134.3,,,,,,,,,,
03/07/2001,Leviticus,11:13,11:33,,,117.4,117.5,Isaiah,18:1,19:17,,,661.3,661.2,,Job,35:1,36:15,,,539.7,539.7,Acts,9:1,9:22,,,135.0,135.0,,,,,,,,,,
04/07/2001,Leviticus,11:34,11:47,end,,118.0,118.1,Isaiah,19:18,21,end,,662.4,662.2,,Job,36:16,37:13,,,540.4,540.4,Acts,9:23,9:43,end,,135.7,135.7,,,,,,,,,,
05/07/2001,Leviticus,12:1,13:8,,,118.6,118.7,Isaiah,22,,end,,663.4,663.3,,Job,37:14,38:15,,,541.1,541.1,Acts,10:1,10:20,,,136.4,136.5,,,,,,,,,,
06/07/2001,Leviticus,13:9,13:23,,,119.2,119.3,Isaiah,23:1,24:12,,,664.5,664.4,,Job,38:16,38:41,end,,541.8,541.8,Acts,10:21,10:38,,,137.1,137.2,,,,,,,,,,
07/07/2001,Leviticus,13:24,13:37,,,119.8,119.9,Isaiah,24:13,26:6,,,665.6,665.5,,Job,39:1,39:30,,,542.5,542.5,Acts,10:39,11:14,,,137.8,137.9,,,,,,,,,,
08/07/2001,Leviticus,13:38,13:54,,,120.4,120.5,Isaiah,26:7,27:13,end,,666.7,666.5,,Job,40,,,,543.2,543.2,Acts,11:15,11:30,end,,138.5,138.6,,,,,,,,,,
09/07/2001,Leviticus,13:55,14:9,,,121.0,121.1,Isaiah,28,,end,,667.8,667.6,,Job,41,,,,543.9,543.9,Acts,12,,end,,139.3,139.3,,,,,,,,,,
10/07/2001,Leviticus,14:10,14:22,,,121.6,121.7,Isaiah,29,,end,,668.9,668.7,,Job,42,,27.4,0.70,544.6,544.6,Acts,13:1,13:15,,,140.0,140.0,,,,,,,,,,
11/07/2001,Leviticus,14:23,14:38,,,122.2,122.3,Isaiah,30:1,30:26,,,669.9,669.8,,Psalms,"1, 2",3,544.8,,545.5,545.5,Acts,13:16,13:37,,,140.7,140.7,,,,,,,,,,
12/07/2001,Leviticus,14:39,14:57,end,,122.8,122.9,Isaiah,30:27,32:8,,,671.0,670.8,,Psalms,4,5,end,,546.2,546.2,Acts,13:38,13:52,end,,141.4,141.5,,,,,,,,,,
13/07/2001,Leviticus,15:1,15:15,,,123.3,123.5,Isaiah,32:9,33:19,,,672.1,671.9,,Psalms,6,7,end,,546.9,546.9,Acts,14,,end,,142.1,142.2,,,,,,,,,,
14/07/2001,Leviticus,15:16,15:27,,,123.9,124.1,Isaiah,33:20,34:17,end,,673.2,673.0,,Psalms,8,9,end,,547.6,547.6,Acts,15:1,15:21,,,142.8,142.9,,,,,,,,,,
15/07/2001,Leviticus,15:28,16:10,,,124.5,124.7,Isaiah,35,36,end,,674.3,674.0,,Psalms,10,,end,,548.3,548.3,Acts,15:22,15:35,,,143.5,143.6,,,,,,,,,,
16/07/2001,Leviticus,16:11,16:22,,,125.1,125.3,Isaiah,37:1,37:25,,,675.4,675.1,,Psalms,"11, 12",13,end,,549.0,549.0,Acts,15:36,16:15,,,144.2,144.3,,,,,,,,,,
17/07/2001,Leviticus,16:23,16:34,end,,125.7,125.9,Isaiah,37:26,38:14,,,676.4,676.2,,Psalms,"14, 15",16,end,,549.7,549.7,Acts,16:16,16:40,end,,144.9,145.0,,,,,,,,,,
18/07/2001,Leviticus,17,,end,,126.3,126.5,Isaiah,38:15,40:8,,,677.5,677.3,,Psalms,17,,end,,550.5,550.4,Acts,17:1,17:21,,,145.7,145.8,,,,,,,,,,
19/07/2001,Leviticus,18:1,18:16,,,126.9,127.1,Isaiah,40:9,41:9,,,678.6,678.3,,Psalms,18,,end,,551.2,551.1,Acts,17:22,18:3,,,146.4,146.5,,,,,,,,,,
20/07/2001,Leviticus,18:17,18:30,end,,127.5,127.7,Isaiah,41:10,42:9,,,679.7,679.4,,Psalms,19,,end,,551.9,551.8,Acts,18:4,18:23,,,147.1,147.2,,,,,,,,,,
21/07/2001,Leviticus,19:1,19:18,,,128.1,128.3,Isaiah,42:10,43:13,,,680.8,680.5,,Psalms,20,21,end,,552.6,552.5,Acts,18:24,19:12,,,147.8,147.9,,,,,,,,,,
22/07/2001,Leviticus,19:19,19:37,end,,128.7,128.9,Isaiah,43:14,44:11,,,681.9,681.6,,Psalms,22,,end,,553.3,553.2,Acts,19:13,19:34,,,148.5,148.6,,,,,,,,,,
23/07/2001,Leviticus,20:1,20:16,,,129.3,129.5,Isaiah,44:12,45:10,,,683.0,682.6,,Psalms,23,24,end,,554.0,553.9,Acts,19:35,20:12,,,149.2,149.3,,,,,,,,,,
24/07/2001,Leviticus,20:17,20:27,end,,129.8,130.1,Isaiah,45:11,46:11,end,,684.0,683.7,,Psalms,25,26,end,,554.7,554.6,Acts,20:13,20:32,,,149.9,150.0,,,,,,,,,,
25/07/2001,Leviticus,21:1,21:15,,,130.4,130.7,Isaiah,46:12,48:8,,,685.1,684.8,,Psalms,27,28,end,,555.4,555.4,Acts,20:33,21:14,,,150.6,150.8,,,,,,,,,,
26/07/2001,Leviticus,21:16,22:9,,,131.0,131.3,Isaiah,48:9,49:12,,,686.2,685.9,,Psalms,29,30,end,,556.1,556.1,Acts,21:15,21:32,,,151.4,151.5,,,,,,,,,,
27/07/2001,Leviticus,22:10,22:25,,,131.6,131.9,Isaiah,49:13,50:9,,,687.3,686.9,,Psalms,31,,end,,556.8,556.8,Acts,21:33,22:16,,,152.1,152.2,,,,,,,,,,
28/07/2001,Leviticus,22:26,23:14,,,132.2,132.5,Isaiah,50:10,51:23,end,,688.4,688.0,,Psalms,32,33,end,,557.5,557.5,Acts,22:17,23:5,,,152.8,152.9,,,,,,,,,,
29/07/2001,Leviticus,23:15,23:25,,,132.8,133.1,Isaiah,52,53,,,689.5,689.1,,Psalms,34,,end,,558.2,558.2,Acts,23:6,23:21,,,153.5,153.6,,,,,,,,,,
30/07/2001,Leviticus,23:26,23:44,end,,133.4,133.7,Isaiah,54,55:5,,,690.5,690.2,,Psalms,35,,end,,558.9,558.9,Acts,23:22,24:4,,,154.2,154.3,,,,,,,,,,
31/07/2001,Leviticus,24:1,24:16,,,134.0,134.3,Isaiah,55:6,57:6,,,691.6,691.2,,Psalms,36,,end,,559.6,559.6,Acts,24:5,24:26,,,154.9,155.0,,,,,,,,,,
01/08/2001,Leviticus,24:17,25:7,,,134.6,134.9,Isaiah,57:7,58:12,,,692.7,692.3,,Psalms,37,,end,,560.3,560.3,Acts,24:27,25:12,,,155.6,155.8,,,,,,,,,,
02/08/2001,Leviticus,25:8,25:28,,,135.2,135.5,Isaiah,58:13,59:21,end,,693.8,693.4,,Psalms,38,,end,,561.0,561.0,Acts,25:13,26:8,,,156.3,156.5,,,,,,,,,,
03/08/2001,Leviticus,25:29,25:43,,,135.8,136.1,Isaiah,60,61:3,,,694.9,694.5,,Psalms,39,40,end,,561.8,561.7,Acts,26:9,26:32,end,,157.1,157.2,,,,,,,,,,
04/08/2001,Leviticus,25:44,25:55,end,,136.3,136.7,Isaiah,61:4,63:6,,,696.0,695.5,,Psalms,41,,end,,562.5,562.4,Acts,27:1,27:20,,,157.8,157.9,,,,,,,,,,
05/08/2001,Leviticus,26:1,26:17,,,136.9,137.3,Isaiah,63:7,64:12,end,,697.0,696.6,,Psalms,42,43,end,,563.2,563.1,Acts,27:21,27:38,,,158.5,158.6,,,,,,,,,,
06/08/2001,Leviticus,26:18,26:34,,,137.5,137.9,Isaiah,65,,,,698.1,697.7,,Psalms,44,,end,,563.9,563.8,Acts,27:39,28:10,,,159.2,159.3,,,,,,,,,,
07/08/2001,Leviticus,26:35,26:46,end,,138.1,138.5,Isaiah,66,,,1.08,699.2,698.8,,Psalms,45,46,end,,564.6,564.5,Acts,28:11,28:31,end,0.71,159.9,160.1,,,,,,,,,,
08/08/2001,Leviticus,27:1,27:21,,,138.7,139.0,Jeremiah,1:1,2:8,699.3,,700.4,700.4,,Psalms,47,48,end,,565.3,565.2,Romans,1:1,1:25,160.2,,160.9,160.9,,,,,,,,,,
09/08/2001,Leviticus,27:22,27:34,,0.59,139.3,139.6,Jeremiah,2:9,2:37,end,,701.5,701.4,,Psalms,49,,end,,566.0,565.9,Romans,1:26,2:16,,,161.7,161.6,,,,,,,,,,
10/08/2001,Numbers,1:1,1:19,139.4,,140.0,140.0,Jeremiah,3:1,3:21,,,702.5,702.5,,Psalms,50,,end,,566.7,566.6,Romans,2:17,3:8,,,162.4,162.3,,,,,,,,,,
11/08/2001,Numbers,1:20,1:33,,,140.6,140.6,Jeremiah,3:22,4:26,,,703.6,703.6,,Psalms,51,"52, 53",end,,567.4,567.3,Romans,3:9,4:5,,,163.1,163.1,,,,,,,,,,
12/08/2001,Numbers,1:34,1:46,,,141.2,141.2,Jeremiah,4:27,5:18,,,704.7,704.7,,Psalms,54,55,end,,568.1,568.0,Romans,4:6,4:25,end,,163.8,163.8,,,,,,,,,,
13/08/2001,Numbers,1:47,2:9,,,141.8,141.8,Jeremiah,5:19,6:17,,,705.8,705.7,,Psalms,56,,end,,568.8,568.7,Romans,5,,end,,164.6,164.5,,,,,,,,,,
14/08/2001,Numbers,2:10,2:24,,,142.4,142.4,Jeremiah,6:18,7:16,,,706.8,706.8,,Psalms,57,58,end,,569.5,569.4,Romans,6,,end,,165.3,165.2,,,,,,,,,,
15/08/2001,Numbers,2:25,3:10,,,143.0,143.0,Jeremiah,7:17,8:7,,,707.9,707.9,,Psalms,59,60,end,,570.2,570.1,Romans,7,,end,,166.0,165.9,,,,,,,,,,
16/08/2001,Numbers,3:11,3:26,,,143.6,143.6,Jeremiah,8:8,9:11,,,709.0,709.0,,Psalms,61,62,end,,570.9,570.8,Romans,8:1,8:25,,,166.7,166.6,,,,,,,,,,
17/08/2001,Numbers,3:27,3:39,,,144.2,144.2,Jeremiah,9:12,10:11,,,710.1,710.0,,Psalms,63,64,end,,571.6,571.5,Romans,8:26,9:5,,,167.5,167.4,,,,,,,,,,
18/08/2001,Numbers,3:40,4:3,,,144.7,144.8,Jeremiah,10:12,11:13,,,711.1,711.1,,Psalms,65,,end,,572.3,572.2,Romans,9:6,9:28,,,168.2,168.1,,,,,,,,,,
19/08/2001,Numbers,4:4,4:16,,,145.3,145.4,Jeremiah,11:14,12:13,,,712.2,712.2,,Psalms,66,67,end,,573.1,572.9,Romans,9:29,10:15,,,168.9,168.8,,,,,,,,,,
20/08/2001,Numbers,4:17,4:33,,,145.9,146.0,Jeremiah,12:14,13:23,,,713.3,713.3,,Psalms,68,,end,,573.8,573.6,Romans,10:16,11:15,,,169.6,169.5,,,,,,,,,,
21/08/2001,Numbers,4:34,4:49,end,,146.5,146.6,Jeremiah,13:24,14:22,end,,714.4,714.3,,Psalms,69,,end,,574.5,574.3,Romans,11:16,12:3,,,170.4,170.2,,,,,,,,,,
22/08/2001,Numbers,5:1,5:15,,,147.1,147.2,Jeremiah,15,,,,715.4,715.4,,Psalms,70,71,end,,575.2,575.1,Romans,12:4,13:7,,,171.1,170.9,,,,,,,,,,
23/08/2001,Numbers,5:16,5:31,end,,147.7,147.8,Jeremiah,16:1,17:4,,,716.5,716.5,,Psalms,72,,end,,575.9,575.8,Romans,13:8,14:12,,,171.8,171.6,,,,,,,,,,
24/08/2001,Numbers,6:1,6:12,,,148.3,148.4,Jeremiah,17:5,18:8,,,717.6,717.6,,Psalms,73,,end,,576.6,576.5,Romans,14:13,15:13,,,172.5,172.4,,,,,,,,,,
25/08/2001,Numbers,6:13,6:27,end,,148.9,149.0,Jeremiah,18:9,19:9,,,718.7,718.6,,Psalms,74,,end,,577.3,577.2,Romans,15:14,15:33,end,,173.3,173.1,,,,,,,,,,
26/08/2001,Numbers,7:1,7:17,,,149.5,149.6,Jeremiah,19:10,20:18,end,,719.8,719.7,,Psalms,75,76,end,,578.0,577.9,Romans,16,,end,0.73,174.0,173.8,,,,,,,,,,
27/08/2001,Numbers,7:18,7:35,,,150.1,150.2,Jeremiah,21:1,22:7,,,720.8,720.8,,Psalms,77,,end,,578.7,578.6,1 Corinthians,1:1,1:25,174.2,,174.9,174.9,,,,,,,,,,
28/08/2001,Numbers,7:36,7:59,,,150.7,150.7,Jeremiah,22:8,23:4,,,721.9,721.9,,Psalms,78:1,78:39,,,579.4,579.3,1 Corinthians,1:26,2:16,end,,175.6,175.6,,,,,,,,,,
29/08/2001,Numbers,7:60,7:77,,,151.3,151.3,Jeremiah,23:5,23:32,,,723.0,722.9,,Psalms,78:40,78:72,end,,580.1,580.0,1 Corinthians,3,,end,,176.3,176.3,,,,,,,,,,
30/08/2001,Numbers,7:78,8:4,,,151.9,151.9,Jeremiah,23:33,25:7,,,724.1,724.0,,Psalms,79,,end,,580.8,580.7,1 Corinthians,4,,end,,177.0,177.1,,,,,,,,,,
31/08/2001,Numbers,8:5,8:19,,,152.5,152.5,Jeremiah,25:8,25:31,,,725.1,725.1,,Psalms,80,,end,,581.5,581.4,1 Corinthians,5:1,6:11,,,177.8,177.8,,,,,,,,,,
01/09/2001,Numbers,8:20,9:8,,,153.1,153.1,Jeremiah,25:32,26:18,,,726.2,726.1,,Psalms,81,82,end,,582.2,582.1,1 Corinthians,6:12,7:11,,,178.5,178.5,,,,,,,,,,
02/09/2001,Numbers,9:9,9:23,end,,153.7,153.7,Jeremiah,26:19,27:15,,,727.3,727.2,,Psalms,83,84,end,,582.9,582.8,1 Corinthians,7:12,7:35,,,179.2,179.2,,,,,,,,,,
03/09/2001,Numbers,10:1,10:10,,,154.2,154.3,Jeremiah,27:16,28:17,,,728.4,728.3,,Psalms,85,86,end,,583.6,583.5,1 Corinthians,7:36,8:13,end,,179.9,179.9,,,,,,,,,,
04/09/2001,Numbers,10:11,10:28,,,154.8,154.9,Jeremiah,29:1,29:23,,,729.4,729.4,,Psalms,87,88,end,,584.4,584.2,1 Corinthians,9:1,9:22,,,180.6,180.6,,,,,,,,,,
05/09/2001,Numbers,10:29,11:9,,,155.4,155.5,Jeremiah,29:24,30:17,,,730.5,730.4,,Psalms,89:1,89:26,,,585.1,584.9,1 Corinthians,9:23,10:13,,,181.3,181.4,,,,,,,,,,
06/09/2001,Numbers,11:10,11:23,,,156.0,156.1,Jeremiah,30:18,31:20,,,731.6,731.5,,Psalms,89:27,89:52,end,,585.8,585.6,1 Corinthians,10:14,11:6,,,182.0,182.1,,,,,,,,,,
07/09/2001,Numbers,11:24,12:3,,,156.6,156.7,Jeremiah,31:21,32:5,,,732.7,732.6,,Psalms,90,91,end,,586.5,586.3,1 Corinthians,11:7,11:34,end,,182.7,182.8,,,,,,,,,,
08/09/2001,Numbers,12:4,12:16,end,,157.2,157.3,Jeremiah,32:6,32:30,,,733.7,733.7,,Psalms,92,93,end,,587.2,587.0,1 Corinthians,12:1,12:26,,,183.4,183.5,,,,,,,,,,
09/09/2001,Numbers,13:1,13:24,,,157.8,157.9,Jeremiah,32:31,33:9,,,734.8,734.7,,Psalms,94,95,end,,587.9,587.7,1 Corinthians,12:27,13:13,end,,184.1,184.2,,,,,,,,,,
10/09/2001,Numbers,13:25,14:4,,,158.4,158.5,Jeremiah,33:10,34:7,,,735.9,735.8,,Psalms,96,97,end,,588.6,588.4,1 Corinthians,14:1,14:19,,,184.9,184.9,,,,,,,,,,
11/09/2001,Numbers,14:5,14:25,,,159.0,159.1,Jeremiah,34:8,35:7,,,737.0,736.9,,Psalms,98,"99, 100",end,,589.3,589.1,1 Corinthians,14:20,14:40,end,,185.6,185.6,,,,,,,,,,
12/09/2001,Numbers,14:26,14:39,,,159.6,159.7,Jeremiah,35:8,36:8,,,738.0,738.0,,Psalms,101,102,end,,590.0,589.8,1 Corinthians,15:1,15:34,,,186.3,186.4,,,,,,,,,,
13/09/2001,Numbers,14:40,15:12,,,160.2,160.3,Jeremiah,36:9,36:32,end,,739.1,739.0,,Psalms,103,,end,,590.7,590.5,1 Corinthians,15:35,15:58,end,,187.0,187.1,,,,,,,,,,
14/09/2001,Numbers,15:13,15:29,,,160.8,160.9,Jeremiah,37,,end,,740.2,740.1,,Psalms,104,,end,,591.4,591.2,1 Corinthians,16:1,16:24,end,0.71,187.7,187.8,,,,,,,,,,
15/09/2001,Numbers,15:30,16:3,,,161.4,161.5,Jeremiah,38,,end,,741.3,741.2,,Psalms,105,,end,,592.1,591.9,2 Corinthians,1:1,1:22,187.9,,188.6,188.6,,,,,,,,,,
16/09/2001,Numbers,16:4,16:17,,,162.0,162.1,Jeremiah,39,,end,,742.4,742.3,,Psalms,106:1,106:23,,,592.8,592.6,2 Corinthians,1:23,2:17,end,,189.3,189.3,,,,,,,,,,
17/09/2001,Numbers,16:18,16:35,,,162.6,162.7,Jeremiah,40:1,41:3,,,743.4,743.3,,Psalms,106:24,106:48,end,,593.5,593.3,2 Corinthians,3:1,4:6,,,190.1,190.0,,,,,,,,,,
18/09/2001,Numbers,16:36,16:50,end,,163.2,163.3,Jeremiah,41:4,42:6,,,744.5,744.4,,Psalms,107,,end,,594.2,594.0,2 Corinthians,4:7,5:10,,,190.8,190.8,,,,,,,,,,
19/09/2001,Numbers,17,,,,163.7,163.9,Jeremiah,42:7,43:13,,,745.6,745.5,,Psalms,108,,end,,594.9,594.8,2 Corinthians,5:11,6:13,,,191.5,191.5,,,,,,,,,,
20/09/2001,Numbers,18:1,18:13,,,164.3,164.5,Jeremiah,44:1,44:19,,,746.7,746.6,,Psalms,109,,end,,595.7,595.5,2 Corinthians,6:14,7:11,,,192.2,192.2,,,,,,,,,,
21/09/2001,Numbers,18:14,18:24,,,164.9,165.1,Jeremiah,44:20,45,end,,747.7,747.6,,Psalms,110,111,end,,596.4,596.2,2 Corinthians,7:12,8:15,,,192.9,192.9,,,,,,,,,,
22/09/2001,Numbers,18:25,19:10,,,165.5,165.7,Jeremiah,46,,end,,748.8,748.7,,Psalms,112,,end,,597.1,596.9,2 Corinthians,8:16,9:15,end,,193.6,193.6,,,,,,,,,,
23/09/2001,Numbers,19:11,19:22,end,,166.1,166.3,Jeremiah,47:1,48:25,,,749.9,749.8,,Psalms,"113, 114",115,end,,597.8,597.6,2 Corinthians,10,,end,,194.4,194.3,,,,,,,,,,
24/09/2001,Numbers,20:1,20:13,,,166.7,166.9,Jeremiah,48:26,49:6,,,751.0,750.9,,Psalms,116,117,end,,598.5,598.3,2 Corinthians,11:1,11:29,,,195.1,195.1,,,,,,,,,,
25/09/2001,Numbers,20:14,20:29,end,,167.3,167.5,Jeremiah,49:7,49:27,,,752.0,751.9,,Psalms,118,,end,,599.2,599.0,2 Corinthians,11:30,12:15,,,195.8,195.8,,,,,,,,,,
26/09/2001,Numbers,21:1,21:16,,,167.9,168.1,Jeremiah,49:28,50:16,,,753.1,753.0,,Psalms,119:1,119:40,,,599.9,599.7,2 Corinthians,12:16,13:14,end,0.72,196.5,196.5,,,,,,,,,,
27/09/2001,Numbers,21:17,21:32,,,168.5,168.7,Jeremiah,50:17,50:43,,,754.2,754.1,,Psalms,119:41,119:64,,,600.6,600.4,Galatians,1,,196.7,,197.5,197.4,,,,,,,,,,
28/09/2001,Numbers,21:33,22:12,,,169.1,169.3,Jeremiah,50:44,51:23,,,755.3,755.1,,Psalms,119:65,119:96,,,601.3,601.1,Galatians,2,,end,,198.2,198.1,,,,,,,,,,
29/09/2001,Numbers,22:13,22:27,,,169.7,169.9,Jeremiah,51:24,51:48,,,756.3,756.2,,Psalms,119:97,119:128,,,602.0,601.8,Galatians,3,,end,,199.0,198.8,,,,,,,,,,
30/09/2001,Numbers,22:28,22:41,end,,170.3,170.5,Jeremiah,51:49,52:11,,,757.4,757.3,,Psalms,119:129,119:160,,,602.7,602.5,Galatians,4,,end,,199.7,199.6,,,,,,,,,,
01/10/2001,Numbers,23:1,23:20,,,170.9,171.1,Jeremiah,52:12,52:34,,1.08,758.5,758.4,,Psalms,119:161,120,end,,603.4,603.2,Galatians,5,,end,,200.5,200.3,,,,,,,,,,
02/10/2001,Numbers,23:21,24:6,,,171.5,171.7,Ezekiel,1,,764.2,,765.3,765.3,,Psalms,"121, 122","123, 124",end,,604.1,603.9,Galatians,6,,end,0.75,201.2,201.0,,,,,,,,,,
03/10/2001,Numbers,24:7,24:25,end,,172.1,172.2,Ezekiel,2:1,3:19,,,766.4,766.3,,Psalms,"125, 126","127, 128",end,,604.8,604.6,Ephesians,1,,201.4,,202.2,202.1,,,,,,,,,,
04/10/2001,Numbers,25,,,,172.7,172.8,Ezekiel,3:20,4,,,767.4,767.4,,Psalms,"129, 130",131,end,,605.5,605.3,Ephesians,2,,,,202.9,202.8,,,,,,,,,,
05/10/2001,Numbers,26:1,26:11,,,173.2,173.4,Ezekiel,5,,,,768.5,768.5,,Psalms,"132, 133",134,end,,606.2,606.0,Ephesians,3,,end,,203.7,203.5,,,,,,,,,,
06/10/2001,Numbers,26:12,26:27,,,173.8,174.0,Ezekiel,6:1,7:14,,,769.6,769.6,,Psalms,135,,end,,607.0,606.7,Ephesians,4:1,4:24,end,,204.5,204.3,,,,,,,,,,
07/10/2001,Numbers,26:28,26:47,,,174.4,174.6,Ezekiel,7:15,8:13,,,770.7,770.6,,Psalms,136,,end,,607.7,607.4,Ephesians,4:25,5:21,end,,205.2,205.0,,,,,,,,,,
08/10/2001,Numbers,26:48,26:62,,,175.0,175.2,Ezekiel,8:14,10:5,,,771.8,771.7,,Psalms,137,138,end,,608.4,608.1,Ephesians,5:22,6,end,0.77,206.0,205.7,,,,,,,,,,
09/10/2001,Numbers,26:63,27:11,,,175.6,175.8,Ezekiel,10:6,11:12,,,772.9,772.8,,Psalms,139,140,end,,609.1,608.8,Philippians,1,,206.2,,207.0,206.9,,,,,,,,,,
10/10/2001,Numbers,27:12,28:8,,,176.2,176.4,Ezekiel,11:13,12:7,,,773.9,773.9,,Psalms,"141, 142",143,end,,609.8,609.5,Philippians,2,,end,,207.8,207.6,,,,,,,,,,
11/10/2001,Numbers,28:9,28:25,,,176.8,177.0,Ezekiel,12:8,13:9,,,775.0,774.9,,Psalms,144,145,end,,610.5,610.2,Philippians,3,,end,,208.6,208.3,,,,,,,,,,
12/10/2001,Numbers,28:26,29:6,,,177.4,177.6,Ezekiel,13:10,14:11,,,776.1,776.0,,Psalms,146,147,end,,611.2,610.9,Philippians,4,,end,0.80,209.4,209.1,,,,,,,,,,
13/10/2001,Numbers,29:7,29:25,,,178.0,178.2,Ezekiel,14:12,16:7,,,777.2,777.1,,Psalms,"148, 149",150,67.1,0.71,611.9,611.6,Colossians,1,,209.6,,210.4,210.3,,,,,,,,,,
14/10/2001,Numbers,29:26,29:40,end,,178.6,178.8,Ezekiel,16:8,16:34,,,778.3,778.2,,Proverbs,1,,612.1,,612.8,612.8,Colossians,2,,end,,211.1,211.0,,,,,,,,,,
15/10/2001,Numbers,30,,end,,179.2,179.4,Ezekiel,16:35,16:58,,,779.3,779.2,,Proverbs,2,,end,,613.5,613.5,Colossians,3,,end,,211.9,211.7,,,,,,,,,,
16/10/2001,Numbers,31:1,31:20,,,179.8,180.0,Ezekiel,16:59,17:21,,,780.4,780.3,,Proverbs,3,,end,,614.2,614.2,Colossians,4,,end,0.75,212.6,212.5,,,,,,,,,,
17/10/2001,Numbers,31:21,31:31,,,180.4,180.6,Ezekiel,17:22,18:23,,,781.5,781.4,,Proverbs,4,,end,,614.9,614.9,1 Thesssalonians,1:1,2:12,212.8,,213.5,213.5,,,,,,,,,,
18/10/2001,Numbers,31:32,31:54,end,,181.0,181.2,Ezekiel,18:24,20:7,,,782.6,782.5,,Proverbs,5:1,6:5,,,615.6,615.6,1 Thesssalonians,2:13,3:10,,,214.2,214.2,,,,,,,,,,
19/10/2001,Numbers,32:1,32:15,,,181.6,181.8,Ezekiel,20:8,20:29,,,783.7,783.5,,Proverbs,6:6,6:35,end,,616.3,616.3,1 Thesssalonians,3:11,4:18,end,,214.8,214.9,,,,,,,,,,
20/10/2001,Numbers,32:16,32:32,,,182.2,182.4,Ezekiel,20:30,21:7,,,784.8,784.6,,Proverbs,7,,end,,617.0,617.0,1 Thesssalonians,5,,,0.67,215.5,215.7,,,,,,,,,,
21/10/2001,Numbers,32:33,33:5,,,182.7,183.0,Ezekiel,21:8,21:32,end,,785.8,785.7,,Proverbs,8,,end,,617.7,617.7,2 Thesssalonians,1:1,2:12,215.7,,216.5,216.4,,,,,,,,,,
22/10/2001,Numbers,33:6,33:30,,,183.3,183.6,Ezekiel,22,,,,786.9,786.8,,Proverbs,9:1,10:5,,,618.4,618.4,2 Thesssalonians,2:13,3,end,0.75,217.2,217.1,,,,,,,,,,
23/10/2001,Numbers,33:31,33:56,end,,183.9,184.2,Ezekiel,23:1,23:27,,,788.0,787.8,,Proverbs,10:6,10:32,,,619.1,619.1,1 Timothy,1,,217.4,,218.1,218.1,,,,,,,,,,
24/10/2001,Numbers,34:1,34:12,,,184.5,184.8,Ezekiel,23:28,24:5,,,789.1,788.9,,Proverbs,11,,end,,619.8,619.8,1 Timothy,2:1,3:13,,,218.8,218.8,,,,,,,,,,
25/10/2001,Numbers,34:13,34:29,end,,185.1,185.4,Ezekiel,24:6,25:7,,,790.2,790.0,,Proverbs,12:1,12:21,,,620.5,620.5,1 Timothy,3:14,4,end,,219.6,219.5,,,,,,,,,,
26/10/2001,Numbers,35:1,35:19,,,185.7,186.0,Ezekiel,25:8,26:14,,,791.3,791.0,,Proverbs,12:22,13:22,,,621.2,621.2,1 Timothy,5,,end,,220.3,220.3,,,,,,,,,,
27/10/2001,Numbers,35:20,35:34,end,,186.3,186.6,Ezekiel,26:15,27:17,,,792.3,792.1,,Proverbs,13:23,14:24,,,621.9,621.9,1 Timothy,6,,end,0.72,221.0,221.0,,,,,,,,,,
28/10/2001,Numbers,36,,,0.59,186.9,187.2,Ezekiel,27:18,28:10,,,793.4,793.2,,Proverbs,14:25,15:14,,,622.6,622.7,2 Timothy,1,,221.2,,221.9,221.9,,,,,,,,,,
29/10/2001,Deuteronomy,1:1,1:18,187.2,,187.8,187.8,Ezekiel,28:11,29:7,,,794.5,794.3,,Proverbs,15:15,16:9,,,623.3,623.4,2 Timothy,2,,end,,222.5,222.6,,,,,,,,,,
30/10/2001,Deuteronomy,1:19,1:33,,,188.4,188.4,Ezekiel,29:8,30:12,,,795.6,795.3,,Proverbs,16:10,17:5,,,624.0,624.1,2 Timothy,3,,end,,223.2,223.3,,,,,,,,,,
31/10/2001,Deuteronomy,1:34,2:5,,,189.0,189.0,Ezekiel,30:13,31:14,,,796.7,796.4,,Proverbs,17:6,18:5,,,624.7,624.8,2 Timothy,4,,end,0.65,223.8,224.1,,,,,,,,,,
01/11/2001,Deuteronomy,2:6,2:15,,,189.6,189.6,Ezekiel,31:15,32:16,,,797.7,797.5,,Proverbs,18:6,19:8,,,625.4,625.5,Titus,1:1,2:8,224.2,,224.9,224.9,,,,,,,,,,
02/11/2001,Deuteronomy,2:16,2:37,end,,190.2,190.2,Ezekiel,32:17,33:9,,,798.8,798.6,,Proverbs,19:9,20:6,,,626.1,626.2,Titus,2:9,3:15,end,0.70,225.6,225.6,,,,,,,,,,
03/11/2001,Deuteronomy,3:1,3:14,,,190.8,190.8,Ezekiel,33:10,33:33,end,,799.9,799.6,,Proverbs,20:7,21:3,,,626.8,626.9,Philemon,0:1,0:25,225.7,0.70,226.4,226.4,,,,,,,,,,
04/11/2001,Deuteronomy,3:15,3:29,end,,191.4,191.4,Ezekiel,34,,end,,801.0,800.7,,Proverbs,21:4,21:31,,,627.5,627.6,Hebrews,1:1,2:8,226.6,,227.3,227.3,,,,,,,,,,
05/11/2001,Deuteronomy,4:1,4:14,,,192.0,192.0,Ezekiel,35:1,36:5,,,802.1,801.8,,Proverbs,22,,end,,628.2,628.3,Hebrews,2:9,3:11,,,228.0,228.0,,,,,,,,,,
06/11/2001,Deuteronomy,4:15,4:27,,,192.6,192.6,Ezekiel,36:6,36:38,end,,803.2,802.9,,Proverbs,23:1,23:28,,,628.9,629.0,Hebrews,3:12,4:16,end,,228.8,228.7,,,,,,,,,,
07/11/2001,Deuteronomy,4:28,4:40,,,193.2,193.2,Ezekiel,37:1,37:22,,,804.2,803.9,,Proverbs,23:29,24:22,,,629.6,629.7,Hebrews,5:1,6:8,,,229.5,229.5,,,,,,,,,,
08/11/2001,Deuteronomy,4:41,5:10,,,193.8,193.8,Ezekiel,37:23,38:16,,,805.3,805.0,,Proverbs,24:23,25:14,,,630.3,630.4,Hebrews,6:9,7:7,,,230.2,230.2,,,,,,,,,,
09/11/2001,Deuteronomy,5:11,5:27,,,194.4,194.4,Ezekiel,38:17,39:22,,,806.4,806.1,,Proverbs,25:15,26:12,,,631.0,631.1,Hebrews,7:8,7:28,end,,230.9,230.9,,,,,,,,,,
10/11/2001,Deuteronomy,5:28,6:9,,,195.0,195.0,Ezekiel,39:23,40:19,,,807.5,807.2,,Proverbs,26:13,27:13,,,631.7,631.8,Hebrews,8:1,9:10,,,231.7,231.6,,,,,,,,,,
11/11/2001,Deuteronomy,6:10,6:25,end,,195.6,195.6,Ezekiel,40:20,40:43,,,808.6,808.2,,Proverbs,27:14,28:11,,,632.4,632.5,Hebrews,9:11,9:28,end,,232.4,232.3,,,,,,,,,,
12/11/2001,Deuteronomy,7:1,7:11,,,196.2,196.2,Ezekiel,40:44,41:19,,,809.6,809.3,,Proverbs,28:12,29:10,,,633.1,633.2,Hebrews,10:1,10:25,,,233.1,233.0,,,,,,,,,,
13/11/2001,Deuteronomy,7:12,7:26,end,,196.8,196.8,Ezekiel,41:20,42:20,end,,810.7,810.4,,Proverbs,29:11,30:9,,,633.8,633.9,Hebrews,10:26,11:7,,,233.8,233.8,,,,,,,,,,
14/11/2001,Deuteronomy,8,,end,,197.4,197.4,Ezekiel,43:1,43:21,,,811.8,811.5,,Proverbs,30:10,30:33,end,,634.5,634.6,Hebrews,11:8,11:27,,,234.5,234.5,,,,,,,,,,
15/11/2001,Deuteronomy,9:1,9:10,,,198.0,198.0,Ezekiel,43:22,44:16,,,812.9,812.5,,Proverbs,31,,23.1,0.70,635.2,635.3,Hebrews,11:28,12:10,,,235.3,235.2,,,,,,,,,,
16/11/2001,Deuteronomy,9:11,9:24,,,198.6,198.5,Ezekiel,44:17,45:12,,,814.0,813.6,,Ecclesiastes,1:1,2:11,635.4,,636.1,636.1,Hebrews,12:11,12:29,end,,236.0,235.9,,,,,,,,,,
17/11/2001,Deuteronomy,9:25,10:9,,,199.2,199.1,Ezekiel,45:13,46:10,,,815.1,814.7,,Ecclesiastes,2:12,2:26,,,636.8,636.8,Hebrews,13,,,0.72,236.7,236.6,,,,,,,,,,
18/11/2001,Deuteronomy,10:10,10:22,end,,199.8,199.7,Ezekiel,46:11,47:5,,,816.1,815.8,,Ecclesiastes,3,,,,637.5,637.5,James,1,,237.2,,237.8,237.9,,,,,,,,,,
19/11/2001,Deuteronomy,11:1,11:17,,,200.4,200.3,Ezekiel,47:6,48:7,,,817.2,816.8,,Ecclesiastes,4,,,,638.2,638.2,James,2,,end,,238.5,238.6,,,,,,,,,,
20/11/2001,Deuteronomy,11:18,11:32,end,,201.0,200.9,Ezekiel,48:8,48:35,,1.08,818.3,817.9,,Ecclesiastes,5,,,,638.9,638.9,James,3,,end,,239.1,239.3,,,,,,,,,,
21/11/2001,Deuteronomy,12:1,12:16,,,201.6,201.5,Hosea,1:1,2:13,835.1,,836.2,836.2,,Ecclesiastes,6:1,7:7,,,639.5,639.6,James,4,,end,,239.8,240.1,,,,,,,,,,
22/11/2001,Deuteronomy,12:17,12:28,,,202.2,202.1,Hosea,2:14,4:11,,,837.2,837.2,,Ecclesiastes,7:8,8:1,,,640.2,640.3,James,5,,end,0.64,240.4,240.8,,,,,,,,,,
23/11/2001,Deuteronomy,12:29,13:11,,,202.8,202.7,Hosea,4:12,6:6,,,838.3,838.3,,Ecclesiastes,8:2,9:3,,,640.9,641.0,1 Peter,1:1,1:21,240.6,,241.3,241.3,,,,,,,,,,
24/11/2001,Deuteronomy,13:12,14:8,,,203.4,203.3,Hosea,6:7,8:10,,,839.3,839.4,,Ecclesiastes,9:4,10:1,,,641.6,641.7,1 Peter,1:22,2:17,,,242.0,242.0,,,,,,,,,,
25/11/2001,Deuteronomy,14:9,14:27,,,204.0,203.9,Hosea,8:11,10:8,,,840.4,840.5,,Ecclesiastes,10:2,11:6,,,642.3,642.4,1 Peter,2:18,3:12,,,242.8,242.7,,,,,,,,,,
26/11/2001,Deuteronomy,14:28,15:11,,,204.6,204.5,Hosea,10:9,12:8,,,841.4,841.5,,Ecclesiastes,11:7,12:14,7.6,0.69,643.0,643.1,1 Peter,3:13,4:11,,,243.5,243.5,,,,,,,,,,
27/11/2001,Deuteronomy,15:12,15:23,end,,205.2,205.1,Hosea,12:9,14:9,,1.06,842.5,842.6,,Song of Songs,1:1,2:7,643.1,,643.9,643.8,1 Peter,4:12,5:14,end,0.72,244.2,244.2,,,,,,,,,,
28/11/2001,Deuteronomy,16:1,16:15,,,205.8,205.7,Joel,1,,842.7,,843.6,843.8,,Song of Songs,2:8,3,end,,644.6,644.5,2 Peter,1:1,2:8,244.4,,245.4,245.1,,,,,,,,,,
29/11/2001,Deuteronomy,16:16,17:7,,,206.4,206.3,Joel,2:1,2:27,,,844.6,844.8,,Song of Songs,4:1,5:8,,,645.4,645.2,2 Peter,2:9,2:22,,,246.1,245.8,,,,,,,,,,
30/11/2001,Deuteronomy,17:8,17:20,end,,207.0,206.9,Joel,2:28,3:21,,0.93,845.5,845.9,,Song of Songs,5:9,6:13,,,646.1,645.9,2 Peter,3,,end,0.80,246.8,246.5,,,,,,,,,,
01/12/2001,Deuteronomy,18:1,18:14,,,207.6,207.5,Amos,1:1,2:5,845.6,,846.6,846.7,,Song of Songs,7,8,3.8,0.76,646.9,646.6,1 John,1:1,2:11,247.2,,247.9,247.9,,,,,,,,,,
02/12/2001,Deuteronomy,18:15,19:6,,,208.2,208.1,Amos,2:6,3:15,end,,847.6,847.7,,Lamentations,1:1,1:14,758.7,,759.4,759.4,1 John,2:12,2:29,end,,248.6,248.6,,,,,,,,,,
03/12/2001,Deuteronomy,19:7,19:21,end,,208.8,208.7,Amos,4:1,5:13,,,848.6,848.8,,Lamentations,1:15,2:6,,,760.1,760.1,1 John,3,,end,,249.2,249.3,,,,,,,,,,
04/12/2001,Deuteronomy,20:1,20:14,,,209.4,209.3,Amos,5:14,6:11,,,849.5,849.9,,Lamentations,2:7,2:19,,,760.8,760.8,1 John,4,,end,,249.9,250.1,,,,,,,,,,
05/12/2001,Deuteronomy,20:15,21:9,,,210.0,209.9,Amos,6:12,8:3,,,850.5,851.0,,Lamentations,2:20,3:30,,,761.6,761.5,1 John,5,,end,0.68,250.6,250.8,,,,,,,,,,
06/12/2001,Deuteronomy,21:10,21:23,end,,210.6,210.5,Amos,8:4,9:15,,0.98,851.5,852.0,,Lamentations,3:31,3:66,end,,762.3,762.2,2 & 3 John,0,0,250.8,1.00,251.8,251.5,,,,,,,,,,
07/12/2001,Deuteronomy,22:1,22:17,,,211.2,211.1,Obadiah,1,21,851.7,0.90,852.6,852.8,,Lamentations,4:1,4:17,,,763.0,762.9,Jude,0:1,0:13,252.2,,252.7,252.9,,,,,,,,,,
08/12/2001,Deuteronomy,22:18,22:30,end,,211.8,211.7,Jonah,1,2,852.7,,853.7,853.8,,Lamentations,4:18,5:22,5.0,0.71,763.7,763.6,Jude,0:14,0:25,,0.45,253.1,253.6,,,,,,,,,,
09/12/2001,Deuteronomy,23:1,23:18,,,212.4,212.3,Jonah,3,4,,0.95,854.6,854.8,,Daniel,1,1:16,818.4,,819.1,819.1,Revelation,1,,253.3,,254.0,254.0,,,,,,,,,,
10/12/2001,Deuteronomy,23:19,24:6,,,213.0,212.9,Micah,1:1,2:11,854.7,,855.8,855.8,,Daniel,1:17,2:13,,,819.8,819.8,Revelation,2:1,2:17,,,254.7,254.7,,,,,,,,,,
11/12/2001,Deuteronomy,24:7,24:22,end,,213.6,213.5,Micah,2:12,4:10,,,856.9,856.8,,Daniel,2:14,2:28,,,820.5,820.5,Revelation,2:18,3:6,,,255.4,255.4,,,,,,,,,,
12/12/2001,Deuteronomy,25:1,25:16,,,214.2,214.1,Micah,4:11,6:8,,,858.0,857.9,,Daniel,2:29,2:45,,,821.3,821.2,Revelation,3:7,4:3,,,256.2,256.2,,,,,,,,,,
13/12/2001,Deuteronomy,25:17,26:11,,,214.8,214.7,Micah,6:9,7:20,,1.10,859.1,859.0,,Daniel,2:46,3:12,,,822.0,821.9,Revelation,4:4,5:10,,,256.9,256.9,,,,,,,,,,
14/12/2001,Deuteronomy,26:12,27:8,,,215.4,215.3,Nahum,1:1,2:12,859.2,,860.2,860.3,,Daniel,3:13,3:27,,,822.7,822.6,Revelation,5:11,6:11,,,257.6,257.6,,,,,,,,,,
15/12/2001,Deuteronomy,27:9,27:26,end,,216.0,215.9,Nahum,2:13,3:19,,0.95,861.1,861.3,,Daniel,3:28,4:12,,,823.4,823.3,Revelation,6:12,7:10,end,,258.3,258.3,,,,,,,,,,
16/12/2001,Deuteronomy,28:1,28:14,,,216.6,216.5,Habakkuk,1:1,2:11,861.2,,862.3,862.3,,Daniel,4:13,4:23,,,824.1,824.0,Revelation,7:11,8:11,,,259.0,259.0,,,,,,,,,,
17/12/2001,Deuteronomy,28:15,28:29,,,217.2,217.1,Habakkuk,2:12,3:19,,1.05,863.3,863.3,,Daniel,4:24,4:37,,,824.8,824.7,Revelation,8:12,9:16,,,259.7,259.7,,,,,,,,,,
18/12/2001,Deuteronomy,28:30,28:44,,,217.8,217.7,Zephaniah,1:1,2:7,863.4,,864.6,864.5,,Daniel,5:1,5:16,,,825.5,825.4,Revelation,9:17,10:11,end,,260.4,260.5,,,,,,,,,,
19/12/2001,Deuteronomy,28:45,28:57,,,218.4,218.3,Zephaniah,2:8,3:20,,1.15,865.7,865.5,,Daniel,5:17,5:31,,,826.2,826.1,Revelation,11,,end,,261.1,261.2,,,,,,,,,,
20/12/2001,Deuteronomy,28:58,29:1,,,219.0,218.9,Haggai,1:1,2:9,865.8,,866.6,866.9,,Daniel,6:1,6:17,,,827.0,826.8,Revelation,12,,end,,261.9,261.9,,,,,,,,,,
21/12/2001,Deuteronomy,29:2,29:18,,,219.6,219.5,Haggai,2:10,2:23,,0.75,867.3,867.9,,Daniel,6:18,6:28,,,827.7,827.5,Revelation,13,,end,,262.6,262.6,,,,,,,,,,
22/12/2001,Deuteronomy,29:19,29:29,end,,220.2,220.0,Zechariah,1:1,2:9,867.5,,868.6,868.6,,Daniel,7:1,7:14,,,828.4,828.2,Revelation,14:1,14:16,,,263.3,263.3,,,,,,,,,,
23/12/2001,Deuteronomy,30,,,,220.8,220.6,Zechariah,2:10,4:14,end,,869.7,869.6,,Daniel,7:15,8:4,,,829.1,829.0,Revelation,14:17,16:6,,,264.0,264.0,,,,,,,,,,
24/12/2001,Deuteronomy,31:1,31:13,,,221.4,221.2,Zechariah,5,6,,,870.8,870.7,,Daniel,8:5,8:22,,,829.8,829.7,Revelation,16:7,16:21,end,,264.7,264.7,,,,,,,,,,
25/12/2001,Deuteronomy,31:14,31:23,,,222.0,221.8,Zechariah,7:1,8:13,,,871.9,871.8,,Daniel,8:23,9:11,,,830.5,830.4,Revelation,17,,end,,265.4,265.5,,,,,,,,,,
26/12/2001,Deuteronomy,31:24,32:9,,,222.6,222.4,Zechariah,8:14,9:17,end,,873.0,872.9,,Daniel,9:12,9:25,,,831.2,831.1,Revelation,18:1,18:16,,,266.1,266.2,,,,,,,,,,
27/12/2001,Deuteronomy,32:10,32:25,,,223.2,223.0,Zechariah,10:1,11:13,,,874.1,873.9,,Daniel,9:26,10:14,,,831.9,831.8,Revelation,18:17,19:10,,,266.8,266.9,,,,,,,,,,
28/12/2001,Deuteronomy,32:26,32:44,,,223.8,223.6,Zechariah,11:14,13:9,end,,875.2,875.0,,Daniel,10:15,11:8,,,832.7,832.5,Revelation,19:11,20:6,,,267.6,267.6,,,,,,,,,,
29/12/2001,Deuteronomy,32:45,33:7,,,224.4,224.2,Zechariah,14,,end,1.10,876.3,876.1,,Daniel,11:9,11:24,,,833.4,833.2,Revelation,20:7,21:8,,,268.3,268.3,,,,,,,,,,
30/12/2001,Deuteronomy,33:8,33:23,,,225.0,224.8,Malachi,1:1,2:12,876.4,,877.6,877.5,,Daniel,11:25,11:39,,,834.1,833.9,Revelation,21:9,21:27,end,,269.0,269.0,,,,,,,,,,
31/12/2001,Deuteronomy,33:24,34:12,,0.60,225.6,225.4,Malachi,2:13,4:6,,1.20,878.8,878.5,,Daniel,11:40,12:13,16.4,0.71,834.8,834.6,Revelation,22,,end,0.71,269.7,269.7,,,,,,,,,,
,,,,,,,,,,,,,,878.2,,,,,,,,,,,,,,,,,,,,,,,,,
,,,,,,,,,,,,,,,,,,,,,,,,,,,,,,,,,,,,,,,
,,,,,,,,,,,,,,,,,,,,,,,,,,,,,,,,,,,,,,,
,,,,,,,,,,,,,,,,,,,,,,,,,,,,,,,,,,,,,,,
,,,,,,,,,,,,,,,,,,,,,,,,,,,,,,,,,,,,,,,
,,,,,,,,,,,,,,,,,,,,,,,,,,,,,,,,,,,,,,,
,,,,,,,,,,,,,,,,,,,,,,,,,,,,,,,,,,,,,,,
,,,,,,,,,,,,,,,,,,,,,,,,,,,,,,,,,,,,,,,
,,,,,,,,,,,,,,,,,,,,,,,,,,,,,,,,,,,,,,,
,,,,,,,,,,,,,,,,,,,,,,,,,,,,,,,,,,,,,,,
,,,,,,,,,,,,,,,,,,,,,,,,,,,,,,,,,,,,,,,
,,,,,,,,,,,,,,,,,,,,,,,,,,,,,,,,,,,,,,,
,,,,,,,,,,,,,,,,,,,,,,,,,,,,,,,,,,,,,,,
,,,,,,,,,,,,,,,,,,,,,,,,,,,,,,,,,,,,,,,
,,,,,,,,,,,,,,,,,,,,,,,,,,,,,,,,,,,,,,,
,,,,,,,,,,,,,,,,,,,,,,,,,,,,,,,,,,,,,,,
,,,,,,,,,,,,,,,,,,,,,,,,,,,,,,,,,,,,,,,
,,,,,,,,,,,,,,,,,,,,,,,,,,,,,,,,,,,,,,,
,,,,,,,,,,,,,,,,,,,,,,,,,,,,,,,,,,,,,,,
,,,,,,,,,,,,,,,,,,,,,,,,,,,,,,,,,,,,,,,
,,,,,,,,,,,,,,,,,,,,,,,,,,,,,,,,,,,,,,,
,,,,,,,,,,,,,,,,,,,,,,,,,,,,,,,,,,,,,,,
,,,,,,,,,,,,,,,,,,,,,,,,,,,,,,,,,,,,,,,
,,,,,,,,,,,,,,,,,,,,,,,,,,,,,,,,,,,,,,,
,,,,,,,,,,,,,,,,,,,,,,,,,,,,,,,,,,,,,,,
,,,,,,,,,,,,,,,,,,,,,,,,,,,,,,,,,,,,,,,
,,,,,,,,,,,,,,,,,,,,,,,,,,,,,,,,,,,,,,,
,,,,,,,,,,,,,,,,,,,,,,,,,,,,,,,,,,,,,,,
,,,,,,,,,,,,,,,,,,,,,,,,,,,,,,,,,,,,,,,
,,,,,,,,,,,,,,,,,,,,,,,,,,,,,,,,,,,,,,,
,,,,,,,,,,,,,,,,,,,,,,,,,,,,,,,,,,,,,,,
,,,,,,,,,,,,,,,,,,,,,,,,,,,,,,,,,,,,,,,
,,,,,,,,,,,,,,,,,,,,,,,,,,,,,,,,,,,,,,,
,,,,,,,,,,,,,,,,,,,,,,,,,,,,,,,,,,,,,,,
,,,,,,,,,,,,,,,,,,,,,,,,,,,,,,,,,,,,,,,
,,,,,,,,,,,,,,,,,,,,,,,,,,,,,,,,,,,,,,,
,,,,,,,,,,,,,,,,,,,,,,,,,,,,,,,,,,,,,,,
,,,,,,,,,,,,,,,,,,,,,,,,,,,,,,,,,,,,,,,
,,,,,,,,,,,,,,,,,,,,,,,,,,,,,,,,,,,,,,,
,,,,,,,,,,,,,,,,,,,,,Job,,,,,,,Job,,,,,,,,,,,
,,,,,,,,,,,,,,,,,,,,,Psalms,,,,,,,Psalms,,,,,,,,,,,
,,,,,,,,,,,,,,,,,,,,,Ruth,,,,,,,Ruth,,,,,,,,,,,
,,,,,,,,,,,,,,,,,,,,,Song of Songs,,,,,,,Song of Songs,,,,,,,,,,,
,,,,,,,,,,,,,,,,,,,,,Proverbs,,,,,,,Proverbs,,,,,,,,,,,
,,,,,,,,,,,,,,,,,,,,,Ecclesiastes,,,,,,,Ecclesiastes,,,,,,,,,,,
,,,,,,,,,,,,,,,,,,,,,Lamentations,,,,,,,Lamentations,,,,,,,,,,,
,,,,,,,,,,,,,,,,,,,,,Daniel,,,,,,,Daniel,,,,,,,,,,,
,,,,,,,,,,,,,,,,,,,,,Ezra,,,,,,,Ezra,,,,,,,,,,,
,,,,,,,,,,,,,,,,,,,,,1st Chronicles,,,,,,,1st Chronicles,,,,,,,,,,,
,,,,,,,,,,,,,,,,,,,,,2nd Chronicles,,,,,,,2nd Chronicles,,,,,,,,,,,
,,,,,,,,,,,,,,,,,,,,,Esther,,,,,,,Esther,,,,,,,,,,,
,,,,,,,,,,,,,,,,,,,,,Nehemiah,,,,,,,Nehemiah,,,,,,,,,,,